Ticker,Exchange
A,NYSE
AA,NYSE
AACT,NYSE
AAM,NYSE
AAMI,NYSE
AAP,NYSE
AAT,NYSE
AB,NYSE
ABBV,NYSE
ABCB,NYSE
ABEV,NYSE
ABG,NYSE
ABM,NYSE
ABR,NYSE
ABR,NYSE
D,NYSE
ABR,NYSE
E,NYSE
ABR,NYSE
F,NYSE
ABT,NYSE
AC,NYSE
ACA,NYSE
ACCO,NYSE
ACEL,NYSE
ACHR,NYSE
ACI,NYSE
ACM,NYSE
ACN,NYSE
ACP,NYSE
ACP,NYSE
A,NYSE
ACR,NYSE
ACR,NYSE
C,NYSE
ACR,NYSE
D,NYSE
ACRE,NYSE
ACV,NYSE
ADC,NYSE
ADC,NYSE
A,NYSE
ADCT,NYSE
ADM,NYSE
ADNT,NYSE
ADT,NYSE
ADX,NYSE
AEE,NYSE
AEFC,NYSE
AEG,NYSE
AEM,NYSE
AEO,NYSE
AER,NYSE
AES,NYSE
AESI,NYSE
AFB,NYSE
AFG,NYSE
AFGB,NYSE
AFGC,NYSE
AFGD,NYSE
AFGE,NYSE
AFL,NYSE
AG,NYSE
AGCO,NYSE
AGD,NYSE
AGI,NYSE
AGL,NYSE
AGM,NYSE
AGM,NYSE
D,NYSE
AGM,NYSE
E,NYSE
AGM,NYSE
F,NYSE
AGM,NYSE
G,NYSE
AGO,NYSE
AGRO,NYSE
AGS,NYSE
AGX,NYSE
AHH,NYSE
AHH,NYSE
A,NYSE
AHL,NYSE
D,NYSE
AHL,NYSE
E,NYSE
AHL,NYSE
F,NYSE
AHR,NYSE
AHT,NYSE
AHT,NYSE
D,NYSE
AHT,NYSE
F,NYSE
AHT,NYSE
G,NYSE
AHT,NYSE
H,NYSE
AHT,NYSE
I,NYSE
AI,NYSE
AIG,NYSE
AIN,NYSE
AIO,NYSE
AIR,NYSE
AIT,NYSE
AIV,NYSE
AIZ,NYSE
AIZN,NYSE
AJG,NYSE
AKA,NYSE
AKO,NYSE
A,NYSE
AKO,NYSE
B,NYSE
AKR,NYSE
AL,NYSE
ALB,NYSE
ALB,NYSE
A,NYSE
ALC,NYSE
ALE,NYSE
ALEX,NYSE
ALG,NYSE
ALIT,NYSE
ALK,NYSE
ALL,NYSE
ALL,NYSE
B,NYSE
ALL,NYSE
H,NYSE
ALL,NYSE
I,NYSE
ALL,NYSE
J,NYSE
ALLE,NYSE
ALLY,NYSE
ALSN,NYSE
ALTG,NYSE
ALTG,NYSE
A,NYSE
ALTM,NYSE
ALUR,NYSE
ALV,NYSE
ALX,NYSE
AM,NYSE
AMBC,NYSE
AMBP,NYSE
AMC,NYSE
AMCR,NYSE
AME,NYSE
AMG,NYSE
AMH,NYSE
AMH,NYSE
G,NYSE
AMH,NYSE
H,NYSE
AMN,NYSE
AMP,NYSE
AMPS,NYSE
AMPX,NYSE
AMPY,NYSE
AMR,NYSE
AMRC,NYSE
AMT,NYSE
AMTB,NYSE
AMTD,NYSE
AMTM,NYSE
AMWL,NYSE
AMX,NYSE
AN,NYSE
ANET,NYSE
ANF,NYSE
ANG,NYSE
A,NYSE
ANG,NYSE
B,NYSE
ANG,NYSE
D,NYSE
ANRO,NYSE
ANVS,NYSE
AOD,NYSE
AOMN,NYSE
AOMR,NYSE
AON,NYSE
AORT,NYSE
AOS,NYSE
AP,NYSE
APAM,NYSE
APD,NYSE
APG,NYSE
APH,NYSE
APLE,NYSE
APO,NYSE
APO,NYSE
A,NYSE
APOS,NYSE
APTV,NYSE
AQN,NYSE
AQNB,NYSE
AR,NYSE
ARCO,NYSE
ARDC,NYSE
ARDT,NYSE
ARE,NYSE
ARES,NYSE
ARES,NYSE
B,NYSE
ARGD,NYSE
ARGO,NYSE
A,NYSE
ARI,NYSE
ARIS,NYSE
ARL,NYSE
ARLO,NYSE
ARMK,NYSE
AROC,NYSE
ARR,NYSE
ARR,NYSE
C,NYSE
ARW,NYSE
AS,NYSE
ASA,NYSE
ASAN,NYSE
ASB,NYSE
ASB,NYSE
E,NYSE
ASB,NYSE
F,NYSE
ASBA,NYSE
ASC,NYSE
ASG,NYSE
ASGI,NYSE
ASGN,NYSE
ASH,NYSE
ASIX,NYSE
ASPN,NYSE
ASR,NYSE
ASX,NYSE
ATCO,NYSE
D,NYSE
ATCO,NYSE
H,NYSE
ATEN,NYSE
ATGE,NYSE
ATH,NYSE
A,NYSE
ATH,NYSE
B,NYSE
ATH,NYSE
C,NYSE
ATH,NYSE
D,NYSE
ATH,NYSE
E,NYSE
ATHM,NYSE
ATHS,NYSE
ATI,NYSE
ATKR,NYSE
ATMU,NYSE
ATO,NYSE
ATR,NYSE
ATS,NYSE
ATUS,NYSE
AU,NYSE
AUB,NYSE
AUB,NYSE
A,NYSE
AUNA,NYSE
AVA,NYSE
AVAL,NYSE
AVB,NYSE
AVD,NYSE
AVK,NYSE
AVNS,NYSE
AVNT,NYSE
AVTR,NYSE
AVY,NYSE
AWF,NYSE
AWI,NYSE
AWK,NYSE
AWP,NYSE
AWR,NYSE
AX,NYSE
AXL,NYSE
AXP,NYSE
AXR,NYSE
AXS,NYSE
AXS,NYSE
E,NYSE
AXTA,NYSE
AYI,NYSE
AZEK,NYSE
AZO,NYSE
AZUL,NYSE
AZZ,NYSE
BA,NYSE
BA,NYSE
A,NYSE
BABA,NYSE
BAC,NYSE
BAC,NYSE
B,NYSE
BAC,NYSE
E,NYSE
BAC,NYSE
K,NYSE
BAC,NYSE
L,NYSE
BAC,NYSE
M,NYSE
BAC,NYSE
N,NYSE
BAC,NYSE
O,NYSE
BAC,NYSE
P,NYSE
BAC,NYSE
Q,NYSE
BAC,NYSE
S,NYSE
BAH,NYSE
BAK,NYSE
BALL,NYSE
BALY,NYSE
BAM,NYSE
BANC,NYSE
BANC,NYSE
F,NYSE
BAP,NYSE
BARK,NYSE
BAX,NYSE
BB,NYSE
BBAI,NYSE
BBAR,NYSE
BBD,NYSE
BBDC,NYSE
BBDO,NYSE
BBN,NYSE
BBU,NYSE
BBUC,NYSE
BBVA,NYSE
BBW,NYSE
BBWI,NYSE
BBY,NYSE
BC,NYSE
BC,NYSE
A,NYSE
BC,NYSE
C,NYSE
BCAT,NYSE
BCC,NYSE
BCE,NYSE
BCH,NYSE
BCO,NYSE
BCS,NYSE
BCSF,NYSE
BCX,NYSE
BDC,NYSE
BDJ,NYSE
BDN,NYSE
BDX,NYSE
BE,NYSE
BEDU,NYSE
BEKE,NYSE
BEN,NYSE
BEP,NYSE
BEP,NYSE
A,NYSE
BEPC,NYSE
BEPH,NYSE
BEPI,NYSE
BEPJ,NYSE
BERY,NYSE
BEST,NYSE
BF,NYSE
A,NYSE
BF,NYSE
B,NYSE
BFAM,NYSE
BFH,NYSE
BFK,NYSE
BFLY,NYSE
BFS,NYSE
BFS,NYSE
D,NYSE
BFS,NYSE
E,NYSE
BFZ,NYSE
BG,NYSE
BGB,NYSE
BGH,NYSE
BGR,NYSE
BGS,NYSE
BGSF,NYSE
BGT,NYSE
BGX,NYSE
BGY,NYSE
BH,NYSE
BHC,NYSE
BHE,NYSE
BHK,NYSE
BHLB,NYSE
BHP,NYSE
BHR,NYSE
BHR,NYSE
B,NYSE
BHR,NYSE
D,NYSE
BHV,NYSE
BHVN,NYSE
BILL,NYSE
BIO,NYSE
BIO,NYSE
B,NYSE
BIP,NYSE
BIP,NYSE
A,NYSE
BIP,NYSE
B,NYSE
BIPC,NYSE
BIPH,NYSE
BIPI,NYSE
BIPJ,NYSE
BIRK,NYSE
BIT,NYSE
BJ,NYSE
BK,NYSE
BKD,NYSE
BKDT,NYSE
BKE,NYSE
BKH,NYSE
BKKT,NYSE
BKN,NYSE
BKSY,NYSE
BKT,NYSE
BKU,NYSE
BKV,NYSE
BLCO,NYSE
BLD,NYSE
BLDR,NYSE
BLE,NYSE
BLK,NYSE
BLND,NYSE
BLW,NYSE
BLX,NYSE
BMA,NYSE
BME,NYSE
BMEZ,NYSE
BMI,NYSE
BML,NYSE
G,NYSE
BML,NYSE
H,NYSE
BML,NYSE
J,NYSE
BML,NYSE
L,NYSE
BMN,NYSE
BMO,NYSE
BMY,NYSE
BN,NYSE
BNED,NYSE
BNH,NYSE
BNJ,NYSE
BNL,NYSE
BNS,NYSE
BNT,NYSE
BNY,NYSE
BOC,NYSE
BODI,NYSE
BOE,NYSE
BOH,NYSE
BOH,NYSE
A,NYSE
BOH,NYSE
B,NYSE
BOOT,NYSE
BORR,NYSE
BOW,NYSE
BOX,NYSE
BP,NYSE
BPT,NYSE
BR,NYSE
BRBR,NYSE
BRC,NYSE
BRCC,NYSE
BRDG,NYSE
BRFS,NYSE
BRK,NYSE
A,NYSE
BRK,NYSE
B,NYSE
BRO,NYSE
BROS,NYSE
BRSP,NYSE
BRT,NYSE
BRW,NYSE
BRX,NYSE
BSAC,NYSE
BSBR,NYSE
BSL,NYSE
BSM,NYSE
BST,NYSE
BSTZ,NYSE
BSX,NYSE
BTA,NYSE
BTCM,NYSE
BTE,NYSE
BTI,NYSE
BTO,NYSE
BTT,NYSE
BTU,NYSE
BTX,NYSE
BTZ,NYSE
BUD,NYSE
BUI,NYSE
BUR,NYSE
BURL,NYSE
BV,NYSE
BVN,NYSE
BW,NYSE
BW,NYSE
A,NYSE
BWA,NYSE
BWG,NYSE
BWLP,NYSE
BWMX,NYSE
BWNB,NYSE
BWSN,NYSE
BWXT,NYSE
BX,NYSE
BXC,NYSE
BXMT,NYSE
BXMX,NYSE
BXP,NYSE
BXSL,NYSE
BY,NYSE
BYD,NYSE
BYM,NYSE
BYON,NYSE
BZH,NYSE
C,NYSE
C,NYSE
N,NYSE
CAAP,NYSE
CABO,NYSE
CACI,NYSE
CADE,NYSE
CADE,NYSE
A,NYSE
CAE,NYSE
CAF,NYSE
CAG,NYSE
CAH,NYSE
CAL,NYSE
CALX,NYSE
CANG,NYSE
CAPL,NYSE
CARR,NYSE
CARS,NYSE
CAT,NYSE
CATO,NYSE
CAVA,NYSE
CB,NYSE
CBAN,NYSE
CBL,NYSE
CBNA,NYSE
CBRE,NYSE
CBT,NYSE
CBU,NYSE
CBZ,NYSE
CC,NYSE
CCI,NYSE
CCIA,NYSE
CCIF,NYSE
CCJ,NYSE
CCK,NYSE
CCL,NYSE
CCM,NYSE
CCO,NYSE
CCRD,NYSE
CCS,NYSE
CCU,NYSE
CCZ,NYSE
CDE,NYSE
CDLR,NYSE
CDP,NYSE
CDR,NYSE
B,NYSE
CDR,NYSE
C,NYSE
CDRE,NYSE
CE,NYSE
CEE,NYSE
CEPU,NYSE
CF,NYSE
CFG,NYSE
CFG,NYSE
E,NYSE
CFG,NYSE
H,NYSE
CFR,NYSE
CFR,NYSE
B,NYSE
CGAU,NYSE
CHCT,NYSE
CHD,NYSE
CHE,NYSE
CHGG,NYSE
CHH,NYSE
CHMI,NYSE
CHMI,NYSE
A,NYSE
CHMI,NYSE
B,NYSE
CHN,NYSE
CHPT,NYSE
CHT,NYSE
CHWY,NYSE
CI,NYSE
CIA,NYSE
CIB,NYSE
CICB,NYSE
CIEN,NYSE
CIF,NYSE
CIG,NYSE
CII,NYSE
CIM,NYSE
CIM,NYSE
A,NYSE
CIM,NYSE
B,NYSE
CIM,NYSE
C,NYSE
CIM,NYSE
D,NYSE
CIMN,NYSE
CIMO,NYSE
CINT,NYSE
CIO,NYSE
CIO,NYSE
A,NYSE
CION,NYSE
CIVI,NYSE
CL,NYSE
CLB,NYSE
CLBR,NYSE
CLCO,NYSE
CLDT,NYSE
CLDT,NYSE
A,NYSE
CLF,NYSE
CLH,NYSE
CLPR,NYSE
CLS,NYSE
CLVT,NYSE
CLW,NYSE
CLX,NYSE
CM,NYSE
CMA,NYSE
CMBT,NYSE
CMC,NYSE
CMCM,NYSE
CMG,NYSE
CMI,NYSE
CMP,NYSE
CMRE,NYSE
CMRE,NYSE
B,NYSE
CMRE,NYSE
C,NYSE
CMRE,NYSE
D,NYSE
CMS,NYSE
CMS,NYSE
B,NYSE
CMS,NYSE
C,NYSE
CMSA,NYSE
CMSC,NYSE
CMSD,NYSE
CMTG,NYSE
CMU,NYSE
CNA,NYSE
CNC,NYSE
CNF,NYSE
CNH,NYSE
CNI,NYSE
CNK,NYSE
CNM,NYSE
CNMD,NYSE
CNNE,NYSE
CNO,NYSE
CNO,NYSE
A,NYSE
CNP,NYSE
CNQ,NYSE
CNR,NYSE
CNS,NYSE
CNX,NYSE
CODI,NYSE
CODI,NYSE
A,NYSE
CODI,NYSE
B,NYSE
CODI,NYSE
C,NYSE
COF,NYSE
COF,NYSE
I,NYSE
COF,NYSE
J,NYSE
COF,NYSE
K,NYSE
COF,NYSE
L,NYSE
COF,NYSE
N,NYSE
COHR,NYSE
COLD,NYSE
COMP,NYSE
CON,NYSE
COOK,NYSE
COP,NYSE
COR,NYSE
COTY,NYSE
COUR,NYSE
CP,NYSE
CPA,NYSE
CPAC,NYSE
CPAY,NYSE
CPF,NYSE
CPK,NYSE
CPNG,NYSE
CPRI,NYSE
CPS,NYSE
CPT,NYSE
CQP,NYSE
CR,NYSE
CRBD,NYSE
CRBG,NYSE
CRC,NYSE
CRD,NYSE
A,NYSE
CRD,NYSE
B,NYSE
CRGY,NYSE
CRH,NYSE
CRI,NYSE
CRK,NYSE
CRL,NYSE
CRM,NYSE
CRS,NYSE
CRT,NYSE
CSAN,NYSE
CSL,NYSE
CSR,NYSE
CSTM,NYSE
CSV,NYSE
CTA,NYSE
A,NYSE
CTA,NYSE
B,NYSE
CTBB,NYSE
CTDD,NYSE
CTO,NYSE
CTO,NYSE
A,NYSE
CTOS,NYSE
CTRA,NYSE
CTRE,NYSE
CTRI,NYSE
CTS,NYSE
CTVA,NYSE
CUBB,NYSE
CUBE,NYSE
CUBI,NYSE
CUBI,NYSE
E,NYSE
CUBI,NYSE
F,NYSE
CUK,NYSE
CULP,NYSE
CURB,NYSE
CURV,NYSE
CUZ,NYSE
CVE,NYSE
CVEO,NYSE
CVI,NYSE
CVLG,NYSE
CVNA,NYSE
CVS,NYSE
CVX,NYSE
CW,NYSE
CWAN,NYSE
CWEN,NYSE
CWH,NYSE
CWK,NYSE
CWT,NYSE
CX,NYSE
CXE,NYSE
CXH,NYSE
CXM,NYSE
CXT,NYSE
CXW,NYSE
CYD,NYSE
CYH,NYSE
D,NYSE
DAC,NYSE
DAL,NYSE
DAN,NYSE
DAO,NYSE
DAR,NYSE
DAVA,NYSE
DAY,NYSE
DB,NYSE
DBD,NYSE
DBI,NYSE
DBL,NYSE
DBRG,NYSE
DBRG,NYSE
H,NYSE
DBRG,NYSE
I,NYSE
DBRG,NYSE
J,NYSE
DCI,NYSE
DCO,NYSE
DD,NYSE
DDD,NYSE
DDL,NYSE
DDS,NYSE
DDT,NYSE
DE,NYSE
DEA,NYSE
DEC,NYSE
DECK,NYSE
DEI,NYSE
DELL,NYSE
DEO,NYSE
DESP,NYSE
DFH,NYSE
DFIN,NYSE
DFP,NYSE
DFS,NYSE
DG,NYSE
DGX,NYSE
DHF,NYSE
DHI,NYSE
DHR,NYSE
DHT,NYSE
DHX,NYSE
DIAX,NYSE
DIN,NYSE
DINO,NYSE
DIS,NYSE
DK,NYSE
DKL,NYSE
DKS,NYSE
DLB,NYSE
DLNG,NYSE
DLNG,NYSE
A,NYSE
DLNG,NYSE
B,NYSE
DLR,NYSE
DLR,NYSE
J,NYSE
DLR,NYSE
K,NYSE
DLR,NYSE
L,NYSE
DLX,NYSE
DLY,NYSE
DM,NYSE
DMA,NYSE
DMB,NYSE
DMO,NYSE
DNA,NYSE
DNB,NYSE
DNOW,NYSE
DNP,NYSE
DOC,NYSE
DOCN,NYSE
DOCS,NYSE
DOLE,NYSE
DOUG,NYSE
DOV,NYSE
DOW,NYSE
DPG,NYSE
DQ,NYSE
DRD,NYSE
DRH,NYSE
DRH,NYSE
A,NYSE
DRI,NYSE
DSL,NYSE
DSM,NYSE
DSU,NYSE
DSX,NYSE
DSX,NYSE
B,NYSE
DT,NYSE
DTB,NYSE
DTC,NYSE
DTE,NYSE
DTF,NYSE
DTG,NYSE
DTM,NYSE
DTW,NYSE
DUK,NYSE
DUK,NYSE
A,NYSE
DUKB,NYSE
DV,NYSE
DVA,NYSE
DVN,NYSE
DX,NYSE
DX,NYSE
C,NYSE
DXC,NYSE
DXYZ,NYSE
DY,NYSE
E,NYSE
EAF,NYSE
EAI,NYSE
EARN,NYSE
EAT,NYSE
EB,NYSE
EBF,NYSE
EBR,NYSE
EBS,NYSE
EC,NYSE
ECAT,NYSE
ECC,NYSE
ECC,NYSE
D,NYSE
ECCC,NYSE
ECCF,NYSE
ECCU,NYSE
ECCV,NYSE
ECCW,NYSE
ECCX,NYSE
ECG,NYSE
ECL,NYSE
ECO,NYSE
ECVT,NYSE
ED,NYSE
EDD,NYSE
EDF,NYSE
EDN,NYSE
EDR,NYSE
EDU,NYSE
EE,NYSE
EEA,NYSE
EEX,NYSE
EFC,NYSE
EFC,NYSE
A,NYSE
EFC,NYSE
B,NYSE
EFC,NYSE
C,NYSE
EFC,NYSE
D,NYSE
EFR,NYSE
EFT,NYSE
EFX,NYSE
EFXT,NYSE
EG,NYSE
EGF,NYSE
EGY,NYSE
EHAB,NYSE
EHC,NYSE
EHI,NYSE
EIC,NYSE
EICA,NYSE
EICB,NYSE
EICC,NYSE
EIG,NYSE
EIIA,NYSE
EIX,NYSE
EL,NYSE
ELAN,NYSE
ELC,NYSE
ELF,NYSE
ELME,NYSE
ELP,NYSE
ELPC,NYSE
ELS,NYSE
ELV,NYSE
EMD,NYSE
EME,NYSE
EMF,NYSE
EMN,NYSE
EMO,NYSE
EMP,NYSE
EMR,NYSE
ENB,NYSE
ENFN,NYSE
ENFY,NYSE
ENIC,NYSE
ENJ,NYSE
ENO,NYSE
ENOV,NYSE
ENR,NYSE
ENS,NYSE
ENVA,NYSE
ENZ,NYSE
EOD,NYSE
EOG,NYSE
EOI,NYSE
EOS,NYSE
EOT,NYSE
EP,NYSE
C,NYSE
EPAC,NYSE
EPAM,NYSE
EPC,NYSE
EPD,NYSE
EPR,NYSE
EPR,NYSE
C,NYSE
EPR,NYSE
E,NYSE
EPR,NYSE
G,NYSE
EPRT,NYSE
EQBK,NYSE
EQC,NYSE
EQH,NYSE
EQH,NYSE
A,NYSE
EQH,NYSE
C,NYSE
EQNR,NYSE
EQR,NYSE
EQS,NYSE
EQT,NYSE
EQV,NYSE
ERJ,NYSE
ERO,NYSE
ES,NYSE
ESAB,NYSE
ESE,NYSE
ESI,NYSE
ESNT,NYSE
ESRT,NYSE
ESS,NYSE
ESTC,NYSE
ET,NYSE
ET,NYSE
I,NYSE
ETB,NYSE
ETD,NYSE
ETG,NYSE
ETI,NYSE
ETJ,NYSE
ETN,NYSE
ETO,NYSE
ETR,NYSE
ETV,NYSE
ETW,NYSE
ETWO,NYSE
ETX,NYSE
ETY,NYSE
EVC,NYSE
EVEX,NYSE
EVF,NYSE
EVG,NYSE
EVH,NYSE
EVN,NYSE
EVR,NYSE
EVRI,NYSE
EVT,NYSE
EVTC,NYSE
EVTL,NYSE
EW,NYSE
EXG,NYSE
EXK,NYSE
EXP,NYSE
EXPD,NYSE
EXR,NYSE
F,NYSE
F,NYSE
B,NYSE
F,NYSE
C,NYSE
F,NYSE
D,NYSE
FAF,NYSE
FBIN,NYSE
FBK,NYSE
FBMS,NYSE
FBP,NYSE
FBRT,NYSE
FBRT,NYSE
E,NYSE
FC,NYSE
FCF,NYSE
FCN,NYSE
FCPT,NYSE
FCRX,NYSE
FCT,NYSE
FCX,NYSE
FDP,NYSE
FDX,NYSE
FE,NYSE
FEDU,NYSE
FENG,NYSE
FERG,NYSE
FET,NYSE
FF,NYSE
FFA,NYSE
FFC,NYSE
FFWM,NYSE
FG,NYSE
FGB,NYSE
FGN,NYSE
FGSN,NYSE
FHI,NYSE
FHN,NYSE
FHN,NYSE
B,NYSE
FHN,NYSE
C,NYSE
FHN,NYSE
E,NYSE
FHN,NYSE
F,NYSE
FI,NYSE
FICO,NYSE
FIGS,NYSE
FIHL,NYSE
FINS,NYSE
FINV,NYSE
FIS,NYSE
FIX,NYSE
FL,NYSE
FLC,NYSE
FLG,NYSE
FLG,NYSE
A,NYSE
FLG,NYSE
U,NYSE
FLNG,NYSE
FLO,NYSE
FLOC,NYSE
FLR,NYSE
FLS,NYSE
FLUT,NYSE
FMC,NYSE
FMN,NYSE
FMS,NYSE
FMX,NYSE
FMY,NYSE
FN,NYSE
FNA,NYSE
FNB,NYSE
FND,NYSE
FNF,NYSE
FNV,NYSE
FOA,NYSE
FOF,NYSE
FOR,NYSE
FOUR,NYSE
FPF,NYSE
FPH,NYSE
FPI,NYSE
FR,NYSE
FRA,NYSE
FREY,NYSE
FRGE,NYSE
FRO,NYSE
FRT,NYSE
FRT,NYSE
C,NYSE
FSCO,NYSE
FSK,NYSE
FSLY,NYSE
FSM,NYSE
FSS,NYSE
FT,NYSE
FTHY,NYSE
FTI,NYSE
FTK,NYSE
FTS,NYSE
FTV,NYSE
FUBO,NYSE
FUL,NYSE
FUN,NYSE
FVR,NYSE
FVRR,NYSE
G,NYSE
GAB,NYSE
GAB,NYSE
G,NYSE
GAB,NYSE
H,NYSE
GAB,NYSE
K,NYSE
GAM,NYSE
GAM,NYSE
B,NYSE
GAP,NYSE
GATX,NYSE
GB,NYSE
GBAB,NYSE
GBCI,NYSE
GBLI,NYSE
GBTG,NYSE
GBX,NYSE
GCI,NYSE
GCO,NYSE
GCTS,NYSE
GCV,NYSE
GD,NYSE
GDDY,NYSE
GDL,NYSE
GDL,NYSE
C,NYSE
GDO,NYSE
GDOT,NYSE
GDV,NYSE
GDV,NYSE
H,NYSE
GDV,NYSE
K,NYSE
GE,NYSE
GEF,NYSE
GEL,NYSE
GENI,NYSE
GEO,NYSE
GES,NYSE
GETY,NYSE
GEV,NYSE
GF,NYSE
GFF,NYSE
GFI,NYSE
GFL,NYSE
GFR,NYSE
GGB,NYSE
GGG,NYSE
GGT,NYSE
GGT,NYSE
E,NYSE
GGT,NYSE
G,NYSE
GGZ,NYSE
GHC,NYSE
GHG,NYSE
GHI,NYSE
GHLD,NYSE
GHM,NYSE
GHY,NYSE
GIB,NYSE
GIC,NYSE
GIL,NYSE
GIS,NYSE
GJH,NYSE
GJO,NYSE
GJP,NYSE
GJR,NYSE
GJS,NYSE
GJT,NYSE
GKOS,NYSE
GL,NYSE
GL,NYSE
D,NYSE
GLOB,NYSE
GLOP,NYSE
A,NYSE
GLOP,NYSE
B,NYSE
GLOP,NYSE
C,NYSE
GLP,NYSE
GLP,NYSE
B,NYSE
GLW,NYSE
GM,NYSE
GME,NYSE
GMED,NYSE
GMRE,NYSE
GMRE,NYSE
A,NYSE
GMS,NYSE
GNE,NYSE
GNK,NYSE
GNL,NYSE
GNL,NYSE
A,NYSE
GNL,NYSE
B,NYSE
GNL,NYSE
D,NYSE
GNL,NYSE
E,NYSE
GNRC,NYSE
GNT,NYSE
GNT,NYSE
A,NYSE
GNTY,NYSE
GNW,NYSE
GOF,NYSE
GOLD,NYSE
GOLF,NYSE
GOOS,NYSE
GOTU,NYSE
GPC,NYSE
GPI,NYSE
GPJA,NYSE
GPK,NYSE
GPMT,NYSE
GPMT,NYSE
A,NYSE
GPN,NYSE
GPOR,NYSE
GPRK,NYSE
GRBK,NYSE
GRBK,NYSE
A,NYSE
GRC,NYSE
GRDN,NYSE
GRMN,NYSE
GRND,NYSE
GRNT,NYSE
GROV,NYSE
GRX,NYSE
GS,NYSE
GS,NYSE
A,NYSE
GS,NYSE
C,NYSE
GS,NYSE
D,NYSE
GSBD,NYSE
GSK,NYSE
GSL,NYSE
GSL,NYSE
B,NYSE
GTES,NYSE
GTLS,NYSE
GTLS,NYSE
B,NYSE
GTN,NYSE
GTY,NYSE
GUG,NYSE
GUT,NYSE
GUT,NYSE
C,NYSE
GVA,NYSE
GWH,NYSE
GWRE,NYSE
GWW,NYSE
GXO,NYSE
H,NYSE
HAE,NYSE
HAFN,NYSE
HAL,NYSE
HASI,NYSE
HAYW,NYSE
HBB,NYSE
HBI,NYSE
HBM,NYSE
HCA,NYSE
HCC,NYSE
HCI,NYSE
HCXY,NYSE
HD,NYSE
HDB,NYSE
HE,NYSE
HEI,NYSE
HEI,NYSE
A,NYSE
HEQ,NYSE
HES,NYSE
HESM,NYSE
HFRO,NYSE
HFRO,NYSE
A,NYSE
HG,NYSE
HGLB,NYSE
HGTY,NYSE
HGV,NYSE
HHH,NYSE
HI,NYSE
HIG,NYSE
HIG,NYSE
G,NYSE
HII,NYSE
HIMS,NYSE
HIO,NYSE
HIPO,NYSE
HIW,NYSE
HIX,NYSE
HKD,NYSE
HL,NYSE
HL,NYSE
B,NYSE
HLF,NYSE
HLI,NYSE
HLIO,NYSE
HLLY,NYSE
HLN,NYSE
HLT,NYSE
HLX,NYSE
HMC,NYSE
HMN,NYSE
HMY,NYSE
HNI,NYSE
HOG,NYSE
HOMB,NYSE
HOUS,NYSE
HOV,NYSE
HP,NYSE
HPE,NYSE
HPE,NYSE
C,NYSE
HPF,NYSE
HPI,NYSE
HPP,NYSE
HPP,NYSE
C,NYSE
HPQ,NYSE
HPS,NYSE
HQH,NYSE
HQL,NYSE
HR,NYSE
HRB,NYSE
HRI,NYSE
HRL,NYSE
HRTG,NYSE
HSBC,NYSE
HSHP,NYSE
HSY,NYSE
HTD,NYSE
HTFB,NYSE
HTFC,NYSE
HTGC,NYSE
HTH,NYSE
HUBB,NYSE
HUBS,NYSE
HUM,NYSE
HUN,NYSE
HUYA,NYSE
HVT,NYSE
HVT,NYSE
A,NYSE
HWM,NYSE
HXL,NYSE
HY,NYSE
HYAC,NYSE
HYI,NYSE
HYT,NYSE
HZO,NYSE
IAE,NYSE
IAG,NYSE
IBM,NYSE
IBN,NYSE
IBP,NYSE
IBTA,NYSE
ICE,NYSE
ICL,NYSE
ICR,NYSE
A,NYSE
IDA,NYSE
IDE,NYSE
IDT,NYSE
IEX,NYSE
IFF,NYSE
IFN,NYSE
IFS,NYSE
IGA,NYSE
IGD,NYSE
IGI,NYSE
IGR,NYSE
IGT,NYSE
IH,NYSE
IHD,NYSE
IHG,NYSE
IHS,NYSE
IIF,NYSE
IIIN,NYSE
IIM,NYSE
IIPR,NYSE
IIPR,NYSE
A,NYSE
IMAX,NYSE
INFA,NYSE
INFY,NYSE
ING,NYSE
INGM,NYSE
INGR,NYSE
INN,NYSE
INN,NYSE
E,NYSE
INN,NYSE
F,NYSE
INR,NYSE
INSP,NYSE
INSW,NYSE
INVH,NYSE
INVX,NYSE
IONQ,NYSE
IOT,NYSE
IP,NYSE
IPG,NYSE
IPI,NYSE
IQI,NYSE
IQV,NYSE
IR,NYSE
IRM,NYSE
IRS,NYSE
IRT,NYSE
ISD,NYSE
IT,NYSE
ITGR,NYSE
ITT,NYSE
ITUB,NYSE
ITW,NYSE
IVR,NYSE
IVR,NYSE
C,NYSE
IVT,NYSE
IVZ,NYSE
IX,NYSE
J,NYSE
JACS,NYSE
JBGS,NYSE
JBI,NYSE
JBK,NYSE
JBL,NYSE
JBTM,NYSE
JCE,NYSE
JCI,NYSE
JEF,NYSE
JELD,NYSE
JEQ,NYSE
JFR,NYSE
JGH,NYSE
JHG,NYSE
JHI,NYSE
JHS,NYSE
JHX,NYSE
JILL,NYSE
JKS,NYSE
JLL,NYSE
JLS,NYSE
JMIA,NYSE
JMM,NYSE
JNJ,NYSE
JNPR,NYSE
JOBY,NYSE
JOE,NYSE
JOF,NYSE
JPC,NYSE
JPI,NYSE
JPM,NYSE
JPM,NYSE
C,NYSE
JPM,NYSE
D,NYSE
JPM,NYSE
J,NYSE
JPM,NYSE
K,NYSE
JPM,NYSE
L,NYSE
JPM,NYSE
M,NYSE
JQC,NYSE
JRI,NYSE
JRS,NYSE
JWN,NYSE
JXN,NYSE
JXN,NYSE
A,NYSE
K,NYSE
KAI,NYSE
KAR,NYSE
KB,NYSE
KBDC,NYSE
KBH,NYSE
KBR,NYSE
KD,NYSE
KEN,NYSE
KEP,NYSE
KEX,NYSE
KEY,NYSE
KEY,NYSE
I,NYSE
KEY,NYSE
J,NYSE
KEY,NYSE
K,NYSE
KEY,NYSE
L,NYSE
KEYS,NYSE
KF,NYSE
KFRC,NYSE
KFS,NYSE
KFY,NYSE
KGC,NYSE
KGS,NYSE
KIM,NYSE
KIM,NYSE
L,NYSE
KIM,NYSE
M,NYSE
KIM,NYSE
N,NYSE
KIND,NYSE
KIO,NYSE
KKR,NYSE
KKRS,NYSE
KLC,NYSE
KLG,NYSE
KMB,NYSE
KMI,NYSE
KMPB,NYSE
KMPR,NYSE
KMT,NYSE
KMX,NYSE
KN,NYSE
KNF,NYSE
KNOP,NYSE
KNSL,NYSE
KNTK,NYSE
KNX,NYSE
KO,NYSE
KODK,NYSE
KOF,NYSE
KOP,NYSE
KORE,NYSE
KOS,NYSE
KR,NYSE
KRC,NYSE
KREF,NYSE
KREF,NYSE
A,NYSE
KRG,NYSE
KRMN,NYSE
KRO,NYSE
KRP,NYSE
KSS,NYSE
KT,NYSE
KTB,NYSE
KTF,NYSE
KTH,NYSE
KTN,NYSE
KUKE,NYSE
KVUE,NYSE
KVYO,NYSE
KW,NYSE
KWR,NYSE
KYN,NYSE
L,NYSE
LAC,NYSE
LAD,NYSE
LADR,NYSE
LANV,NYSE
LAR,NYSE
LAW,NYSE
LAZ,NYSE
LB,NYSE
LBRT,NYSE
LC,NYSE
LCII,NYSE
LDI,NYSE
LDOS,NYSE
LDP,NYSE
LEA,NYSE
LEG,NYSE
LEN,NYSE
LEO,NYSE
LEVI,NYSE
LFT,NYSE
LFT,NYSE
A,NYSE
LGI,NYSE
LH,NYSE
LHX,NYSE
LICY,NYSE
LII,NYSE
LITB,NYSE
LLY,NYSE
LMND,NYSE
LMT,NYSE
LNC,NYSE
LNC,NYSE
D,NYSE
LND,NYSE
LNG,NYSE
LNN,NYSE
LOAR,NYSE
LOB,NYSE
LOCL,NYSE
LOMA,NYSE
LOW,NYSE
LPG,NYSE
LPL,NYSE
LPX,NYSE
LRN,NYSE
LSPD,NYSE
LTC,NYSE
LTH,NYSE
LTM,NYSE
LU,NYSE
LUCK,NYSE
LUMN,NYSE
LUV,NYSE
LVS,NYSE
LVWR,NYSE
LW,NYSE
LXP,NYSE
LXP,NYSE
C,NYSE
LXU,NYSE
LYB,NYSE
LYG,NYSE
LYV,NYSE
LZB,NYSE
LZM,NYSE
M,NYSE
MA,NYSE
MAA,NYSE
MAA,NYSE
I,NYSE
MAC,NYSE
MAGN,NYSE
MAIN,NYSE
MAN,NYSE
MANU,NYSE
MAS,NYSE
MATV,NYSE
MATX,NYSE
MAV,NYSE
MAX,NYSE
MBC,NYSE
MBI,NYSE
MC,NYSE
MCB,NYSE
MCD,NYSE
MCI,NYSE
MCK,NYSE
MCN,NYSE
MCO,NYSE
MCR,NYSE
MCS,NYSE
MCY,NYSE
MD,NYSE
MDT,NYSE
MDU,NYSE
MDV,NYSE
MDV,NYSE
A,NYSE
MEC,NYSE
MED,NYSE
MEG,NYSE
MEGI,NYSE
MEI,NYSE
MER,NYSE
K,NYSE
MET,NYSE
MET,NYSE
A,NYSE
MET,NYSE
E,NYSE
MET,NYSE
F,NYSE
MFA,NYSE
MFA,NYSE
B,NYSE
MFA,NYSE
C,NYSE
MFAN,NYSE
MFAO,NYSE
MFC,NYSE
MFG,NYSE
MFM,NYSE
MG,NYSE
MGA,NYSE
MGF,NYSE
MGM,NYSE
MGR,NYSE
MGRB,NYSE
MGRD,NYSE
MGRE,NYSE
MGY,NYSE
MHD,NYSE
MHF,NYSE
MHI,NYSE
MHK,NYSE
MHLA,NYSE
MHN,NYSE
MHNC,NYSE
MHO,NYSE
MIN,NYSE
MIO,NYSE
MIR,NYSE
MITN,NYSE
MITP,NYSE
MITT,NYSE
MITT,NYSE
A,NYSE
MITT,NYSE
B,NYSE
MITT,NYSE
C,NYSE
MIY,NYSE
MKC,NYSE
MKFG,NYSE
MKL,NYSE
ML,NYSE
MLI,NYSE
MLM,NYSE
MLNK,NYSE
MLP,NYSE
MLR,NYSE
MMC,NYSE
MMD,NYSE
MMI,NYSE
MMM,NYSE
MMS,NYSE
MMT,NYSE
MMU,NYSE
MNR,NYSE
MNSO,NYSE
MO,NYSE
MOD,NYSE
MODG,NYSE
MOGU,NYSE
MOH,NYSE
MOS,NYSE
MOV,NYSE
MP,NYSE
MPA,NYSE
MPC,NYSE
MPLN,NYSE
MPLX,NYSE
MPV,NYSE
MPW,NYSE
MPX,NYSE
MQT,NYSE
MQY,NYSE
MRC,NYSE
MRK,NYSE
MRP,NYSE
MS,NYSE
MS,NYSE
A,NYSE
MS,NYSE
E,NYSE
MS,NYSE
F,NYSE
MS,NYSE
I,NYSE
MS,NYSE
K,NYSE
MS,NYSE
L,NYSE
MS,NYSE
O,NYSE
MS,NYSE
P,NYSE
MS,NYSE
Q,NYSE
MSA,NYSE
MSB,NYSE
MSC,NYSE
MSCI,NYSE
MSD,NYSE
MSDL,NYSE
MSGE,NYSE
MSGS,NYSE
MSI,NYSE
MSIF,NYSE
MSM,NYSE
MT,NYSE
MTAL,NYSE
MTB,NYSE
MTB,NYSE
H,NYSE
MTB,NYSE
J,NYSE
MTD,NYSE
MTDR,NYSE
MTG,NYSE
MTH,NYSE
MTN,NYSE
MTR,NYSE
MTRN,NYSE
MTUS,NYSE
MTW,NYSE
MTX,NYSE
MTZ,NYSE
MUA,NYSE
MUC,NYSE
MUE,NYSE
MUFG,NYSE
MUJ,NYSE
MUR,NYSE
MUSA,NYSE
MUX,NYSE
MVF,NYSE
MVO,NYSE
MVT,NYSE
MWA,NYSE
MX,NYSE
MXE,NYSE
MXF,NYSE
MYD,NYSE
MYE,NYSE
MYI,NYSE
MYN,NYSE
MYTE,NYSE
NABL,NYSE
NAC,NYSE
NAD,NYSE
NAN,NYSE
NAT,NYSE
NATL,NYSE
NAZ,NYSE
NBB,NYSE
NBHC,NYSE
NBR,NYSE
NBXG,NYSE
NC,NYSE
NCA,NYSE
NCDL,NYSE
NCLH,NYSE
NCV,NYSE
NCV,NYSE
A,NYSE
NCZ,NYSE
NCZ,NYSE
A,NYSE
NDMO,NYSE
NE,NYSE
NEA,NYSE
NEE,NYSE
NEE,NYSE
N,NYSE
NEE,NYSE
R,NYSE
NEE,NYSE
S,NYSE
NEE,NYSE
T,NYSE
NEM,NYSE
NET,NYSE
NEU,NYSE
NEUE,NYSE
NEXA,NYSE
NFG,NYSE
NFJ,NYSE
NGG,NYSE
NGL,NYSE
NGL,NYSE
B,NYSE
NGL,NYSE
C,NYSE
NGS,NYSE
NGVC,NYSE
NGVT,NYSE
NHI,NYSE
NI,NYSE
NIC,NYSE
NIE,NYSE
NIM,NYSE
NINE,NYSE
NIO,NYSE
NJR,NYSE
NKE,NYSE
NKX,NYSE
NL,NYSE
NLOP,NYSE
NLY,NYSE
NLY,NYSE
F,NYSE
NLY,NYSE
G,NYSE
NLY,NYSE
I,NYSE
NMAI,NYSE
NMCO,NYSE
NMG,NYSE
NMI,NYSE
NMM,NYSE
NMR,NYSE
NMS,NYSE
NMT,NYSE
NMZ,NYSE
NNI,NYSE
NNN,NYSE
NNY,NYSE
NOA,NYSE
NOAH,NYSE
NOC,NYSE
NOG,NYSE
NOK,NYSE
NOM,NYSE
NOMD,NYSE
NOTE,NYSE
NOV,NYSE
NOVA,NYSE
NOW,NYSE
NPB,NYSE
NPCT,NYSE
NPFD,NYSE
NPK,NYSE
NPKI,NYSE
NPO,NYSE
NPV,NYSE
NPWR,NYSE
NQP,NYSE
NRDY,NYSE
NREF,NYSE
NREF,NYSE
A,NYSE
NRG,NYSE
NRGV,NYSE
NRK,NYSE
NRP,NYSE
NRT,NYSE
NRUC,NYSE
NSA,NYSE
NSA,NYSE
A,NYSE
NSA,NYSE
B,NYSE
NSC,NYSE
NSP,NYSE
NTB,NYSE
NTR,NYSE
NTST,NYSE
NTZ,NYSE
NU,NYSE
NUE,NYSE
NUS,NYSE
NUV,NYSE
NUVB,NYSE
NUW,NYSE
NVG,NYSE
NVGS,NYSE
NVO,NYSE
NVR,NYSE
NVRI,NYSE
NVRO,NYSE
NVS,NYSE
NVST,NYSE
NVT,NYSE
NWG,NYSE
NWN,NYSE
NX,NYSE
NXC,NYSE
NXDT,NYSE
NXDT,NYSE
A,NYSE
NXE,NYSE
NXG,NYSE
NXJ,NYSE
NXN,NYSE
NXP,NYSE
NXRT,NYSE
NYC,NYSE
NYT,NYSE
NZF,NYSE
O,NYSE
OAK,NYSE
A,NYSE
OAK,NYSE
B,NYSE
OBDC,NYSE
OBK,NYSE
OC,NYSE
OCFT,NYSE
ODC,NYSE
ODV,NYSE
OEC,NYSE
OFG,NYSE
OGE,NYSE
OGN,NYSE
OGS,NYSE
OHI,NYSE
OI,NYSE
OIA,NYSE
OII,NYSE
OIS,NYSE
OKE,NYSE
OKLO,NYSE
OLN,NYSE
OLO,NYSE
OLP,NYSE
OMC,NYSE
OMF,NYSE
OMI,NYSE
ONIT,NYSE
ONL,NYSE
ONON,NYSE
ONTF,NYSE
ONTO,NYSE
OOMA,NYSE
OPAD,NYSE
OPFI,NYSE
OPP,NYSE
OPP,NYSE
A,NYSE
OPP,NYSE
B,NYSE
OPY,NYSE
OR,NYSE
ORA,NYSE
ORC,NYSE
ORCL,NYSE
ORI,NYSE
ORN,NYSE
OSCR,NYSE
OSK,NYSE
OTIS,NYSE
OUT,NYSE
OVV,NYSE
OWL,NYSE
OWLT,NYSE
OXM,NYSE
OXY,NYSE
PAAS,NYSE
PAC,NYSE
PACK,NYSE
PACS,NYSE
PAG,NYSE
PAGS,NYSE
PAI,NYSE
PAM,NYSE
PAR,NYSE
PARR,NYSE
PATH,NYSE
PAXS,NYSE
PAY,NYSE
PAYC,NYSE
PB,NYSE
PBA,NYSE
PBF,NYSE
PBH,NYSE
PBI,NYSE
PBI,NYSE
B,NYSE
PBR,NYSE
PBT,NYSE
PCF,NYSE
PCG,NYSE
PCG,NYSE
X,NYSE
PCK,NYSE
PCM,NYSE
PCN,NYSE
PCOR,NYSE
PCQ,NYSE
PD,NYSE
PDCC,NYSE
PDI,NYSE
PDM,NYSE
PDO,NYSE
PDPA,NYSE
PDS,NYSE
PDT,NYSE
PDX,NYSE
PEB,NYSE
PEB,NYSE
E,NYSE
PEB,NYSE
F,NYSE
PEB,NYSE
G,NYSE
PEB,NYSE
H,NYSE
PEG,NYSE
PEN,NYSE
PEO,NYSE
PERF,NYSE
PFD,NYSE
PFE,NYSE
PFGC,NYSE
PFH,NYSE
PFL,NYSE
PFLT,NYSE
PFN,NYSE
PFO,NYSE
PFS,NYSE
PFSI,NYSE
PG,NYSE
PGP,NYSE
PGR,NYSE
PGRE,NYSE
PGZ,NYSE
PH,NYSE
PHD,NYSE
PHG,NYSE
PHI,NYSE
PHIN,NYSE
PHK,NYSE
PHM,NYSE
PHR,NYSE
PHT,NYSE
PHX,NYSE
PII,NYSE
PIM,NYSE
PINE,NYSE
PINS,NYSE
PIPR,NYSE
PJT,NYSE
PK,NYSE
PKE,NYSE
PKG,NYSE
PKST,NYSE
PKX,NYSE
PL,NYSE
PLD,NYSE
PLNT,NYSE
PLOW,NYSE
PLYM,NYSE
PM,NYSE
PMF,NYSE
PML,NYSE
PMM,NYSE
PMO,NYSE
PMT,NYSE
PMT,NYSE
A,NYSE
PMT,NYSE
B,NYSE
PMT,NYSE
C,NYSE
PMTU,NYSE
PMTV,NYSE
PMX,NYSE
PNC,NYSE
PNF,NYSE
PNI,NYSE
PNNT,NYSE
PNR,NYSE
PNST,NYSE
PNW,NYSE
POR,NYSE
POST,NYSE
PPG,NYSE
PPL,NYSE
PPT,NYSE
PR,NYSE
PRA,NYSE
PRG,NYSE
PRGO,NYSE
PRH,NYSE
PRI,NYSE
PRIF,NYSE
D,NYSE
PRIF,NYSE
F,NYSE
PRIF,NYSE
H,NYSE
PRIF,NYSE
I,NYSE
PRIF,NYSE
J,NYSE
PRIF,NYSE
K,NYSE
PRIF,NYSE
L,NYSE
PRIM,NYSE
PRKS,NYSE
PRLB,NYSE
PRM,NYSE
PRMB,NYSE
PRO,NYSE
PRS,NYSE
PRSU,NYSE
PRT,NYSE
PRU,NYSE
PSA,NYSE
PSA,NYSE
F,NYSE
PSA,NYSE
G,NYSE
PSA,NYSE
H,NYSE
PSA,NYSE
I,NYSE
PSA,NYSE
J,NYSE
PSA,NYSE
K,NYSE
PSA,NYSE
L,NYSE
PSA,NYSE
M,NYSE
PSA,NYSE
N,NYSE
PSA,NYSE
O,NYSE
PSA,NYSE
P,NYSE
PSA,NYSE
Q,NYSE
PSA,NYSE
R,NYSE
PSA,NYSE
S,NYSE
PSBD,NYSE
PSEC,NYSE
A,NYSE
PSF,NYSE
PSFE,NYSE
PSN,NYSE
PSO,NYSE
PSQH,NYSE
PSTG,NYSE
PSTL,NYSE
PSX,NYSE
PTA,NYSE
PTY,NYSE
PUK,NYSE
PUMP,NYSE
PVH,NYSE
PVL,NYSE
PWR,NYSE
PX,NYSE
PYN,NYSE
PYT,NYSE
PZC,NYSE
QBTS,NYSE
QD,NYSE
QGEN,NYSE
QS,NYSE
QSR,NYSE
QTWO,NYSE
QUAD,NYSE
QVCC,NYSE
QVCD,NYSE
QXO,NYSE
R,NYSE
RA,NYSE
RACE,NYSE
RAMP,NYSE
RBA,NYSE
RBC,NYSE
RBLX,NYSE
RBOT,NYSE
RBRK,NYSE
RC,NYSE
RC,NYSE
C,NYSE
RC,NYSE
E,NYSE
RCB,NYSE
RCC,NYSE
RCD,NYSE
RCI,NYSE
RCL,NYSE
RCS,NYSE
RCUS,NYSE
RDDT,NYSE
RDN,NYSE
RDW,NYSE
RDY,NYSE
RELX,NYSE
RERE,NYSE
RES,NYSE
REVG,NYSE
REX,NYSE
REXR,NYSE
REXR,NYSE
B,NYSE
REXR,NYSE
C,NYSE
REZI,NYSE
RF,NYSE
RF,NYSE
C,NYSE
RF,NYSE
E,NYSE
RF,NYSE
F,NYSE
RFI,NYSE
RFL,NYSE
RFM,NYSE
RFMZ,NYSE
RGA,NYSE
RGR,NYSE
RGT,NYSE
RH,NYSE
RHI,NYSE
RHP,NYSE
RIG,NYSE
RIO,NYSE
RITM,NYSE
RITM,NYSE
A,NYSE
RITM,NYSE
B,NYSE
RITM,NYSE
C,NYSE
RITM,NYSE
D,NYSE
RIV,NYSE
RIV,NYSE
A,NYSE
RJF,NYSE
RJF,NYSE
B,NYSE
RKT,NYSE
RL,NYSE
RLI,NYSE
RLJ,NYSE
RLJ,NYSE
A,NYSE
RLTY,NYSE
RLX,NYSE
RM,NYSE
RMAX,NYSE
RMD,NYSE
RMI,NYSE
RMM,NYSE
RMMZ,NYSE
RMT,NYSE
RNG,NYSE
RNGR,NYSE
RNP,NYSE
RNR,NYSE
RNR,NYSE
F,NYSE
RNR,NYSE
G,NYSE
RNST,NYSE
ROG,NYSE
ROK,NYSE
ROL,NYSE
RPM,NYSE
RPT,NYSE
RQI,NYSE
RRC,NYSE
RRX,NYSE
RS,NYSE
RSF,NYSE
RSG,NYSE
RSI,NYSE
RSKD,NYSE
RTO,NYSE
RTX,NYSE
RVLV,NYSE
RVT,NYSE
RVTY,NYSE
RWT,NYSE
RWT,NYSE
A,NYSE
RWTN,NYSE
RWTO,NYSE
RWTP,NYSE
RXO,NYSE
RY,NYSE
RYAM,NYSE
RYAN,NYSE
RYI,NYSE
RYN,NYSE
RZB,NYSE
RZC,NYSE
S,NYSE
SA,NYSE
SABA,NYSE
SAFE,NYSE
SAH,NYSE
SAJ,NYSE
SAM,NYSE
SAN,NYSE
SAND,NYSE
SAP,NYSE
SAR,NYSE
SARO,NYSE
SAT,NYSE
SAY,NYSE
SAZ,NYSE
SB,NYSE
SB,NYSE
C,NYSE
SB,NYSE
D,NYSE
SBBA,NYSE
SBH,NYSE
SBI,NYSE
SBR,NYSE
SBS,NYSE
SBSI,NYSE
SBSW,NYSE
SBXD,NYSE
SCCO,NYSE
SCD,NYSE
SCE,NYSE
G,NYSE
SCE,NYSE
J,NYSE
SCE,NYSE
K,NYSE
SCE,NYSE
L,NYSE
SCE,NYSE
M,NYSE
SCE,NYSE
N,NYSE
SCHW,NYSE
SCHW,NYSE
D,NYSE
SCHW,NYSE
J,NYSE
SCI,NYSE
SCL,NYSE
SCM,NYSE
SCS,NYSE
SD,NYSE
SDHC,NYSE
SDHY,NYSE
SDRL,NYSE
SE,NYSE
SEAL,NYSE
A,NYSE
SEAL,NYSE
B,NYSE
SEE,NYSE
SEI,NYSE
SEM,NYSE
SEMR,NYSE
SES,NYSE
SF,NYSE
SF,NYSE
B,NYSE
SF,NYSE
C,NYSE
SF,NYSE
D,NYSE
SFB,NYSE
SFBS,NYSE
SFL,NYSE
SG,NYSE
SGHC,NYSE
SGI,NYSE
SGU,NYSE
SHAK,NYSE
SHCO,NYSE
SHEL,NYSE
SHG,NYSE
SHO,NYSE
SHO,NYSE
H,NYSE
SHO,NYSE
I,NYSE
SHOP,NYSE
SHW,NYSE
SID,NYSE
SIG,NYSE
SII,NYSE
SILA,NYSE
SITC,NYSE
SITE,NYSE
SJM,NYSE
SJT,NYSE
SKE,NYSE
SKIL,NYSE
SKLZ,NYSE
SKM,NYSE
SKT,NYSE
SKX,NYSE
SKY,NYSE
SKYH,NYSE
SLB,NYSE
SLF,NYSE
SLG,NYSE
SLG,NYSE
I,NYSE
SLGN,NYSE
SLQT,NYSE
SLVM,NYSE
SM,NYSE
SMBK,NYSE
SMC,NYSE
SMFG,NYSE
SMG,NYSE
SMHI,NYSE
SMWB,NYSE
SN,NYSE
SNA,NYSE
SNAP,NYSE
SNDA,NYSE
SNDR,NYSE
SNN,NYSE
SNOW,NYSE
SNV,NYSE
SNV,NYSE
D,NYSE
SNV,NYSE
E,NYSE
SNX,NYSE
SO,NYSE
SOBO,NYSE
SOC,NYSE
SOJC,NYSE
SOJD,NYSE
SOJE,NYSE
SOJF,NYSE
SOL,NYSE
SOLV,NYSE
SON,NYSE
SONY,NYSE
SOR,NYSE
SOS,NYSE
SPB,NYSE
SPCE,NYSE
SPE,NYSE
SPE,NYSE
C,NYSE
SPG,NYSE
SPG,NYSE
J,NYSE
SPGI,NYSE
SPH,NYSE
SPHR,NYSE
SPIR,NYSE
SPLP,NYSE
SPLP,NYSE
A,NYSE
SPMA,NYSE
SPMC,NYSE
SPNT,NYSE
SPNT,NYSE
B,NYSE
SPOT,NYSE
SPR,NYSE
SPRU,NYSE
SPXC,NYSE
SPXX,NYSE
SQM,NYSE
SQNS,NYSE
SR,NYSE
SR,NYSE
A,NYSE
SRE,NYSE
SREA,NYSE
SRFM,NYSE
SRG,NYSE
SRG,NYSE
A,NYSE
SRI,NYSE
SRL,NYSE
SRV,NYSE
SSB,NYSE
SSD,NYSE
SSL,NYSE
SST,NYSE
SSTK,NYSE
ST,NYSE
STAG,NYSE
STC,NYSE
STE,NYSE
STEL,NYSE
STEM,NYSE
STEW,NYSE
STG,NYSE
STK,NYSE
STLA,NYSE
STM,NYSE
STN,NYSE
STNG,NYSE
STR,NYSE
STT,NYSE
STT,NYSE
G,NYSE
STVN,NYSE
STWD,NYSE
STZ,NYSE
SU,NYSE
SUI,NYSE
SUN,NYSE
SUP,NYSE
SUPV,NYSE
SUZ,NYSE
SVV,NYSE
SW,NYSE
SWI,NYSE
SWK,NYSE
SWX,NYSE
SWZ,NYSE
SXC,NYSE
SXI,NYSE
SXT,NYSE
SYF,NYSE
SYF,NYSE
A,NYSE
SYF,NYSE
B,NYSE
SYK,NYSE
SYY,NYSE
T,NYSE
T,NYSE
A,NYSE
T,NYSE
C,NYSE
TAC,NYSE
TAK,NYSE
TAL,NYSE
TALO,NYSE
TAP,NYSE
TBB,NYSE
TBBB,NYSE
TBI,NYSE
TBN,NYSE
TCI,NYSE
TD,NYSE
TDC,NYSE
TDF,NYSE
TDG,NYSE
TDOC,NYSE
TDS,NYSE
TDS,NYSE
U,NYSE
TDS,NYSE
V,NYSE
TDW,NYSE
TDY,NYSE
TEAF,NYSE
TECK,NYSE
TEF,NYSE
TEI,NYSE
TEL,NYSE
TEN,NYSE
TEN,NYSE
E,NYSE
TEN,NYSE
F,NYSE
TEO,NYSE
TEVA,NYSE
TEX,NYSE
TFC,NYSE
TFC,NYSE
I,NYSE
TFC,NYSE
O,NYSE
TFC,NYSE
R,NYSE
TFII,NYSE
TFPM,NYSE
TFSA,NYSE
TFX,NYSE
TG,NYSE
TGI,NYSE
TGLS,NYSE
TGNA,NYSE
TGS,NYSE
TGT,NYSE
THC,NYSE
THG,NYSE
THO,NYSE
THQ,NYSE
THR,NYSE
THS,NYSE
THW,NYSE
TIMB,NYSE
TISI,NYSE
TIXT,NYSE
TJX,NYSE
TK,NYSE
TKC,NYSE
TKO,NYSE
TKR,NYSE
TLK,NYSE
TLYS,NYSE
TM,NYSE
TME,NYSE
TMHC,NYSE
TMO,NYSE
TNC,NYSE
TNET,NYSE
TNK,NYSE
TNL,NYSE
TOL,NYSE
TOST,NYSE
TPB,NYSE
TPC,NYSE
TPH,NYSE
TPL,NYSE
TPR,NYSE
TPTA,NYSE
TPVG,NYSE
TR,NYSE
TRAK,NYSE
TRC,NYSE
TREX,NYSE
TRGP,NYSE
TRI,NYSE
TRN,NYSE
TRNO,NYSE
TROX,NYSE
TRP,NYSE
TRTN,NYSE
A,NYSE
TRTN,NYSE
B,NYSE
TRTN,NYSE
C,NYSE
TRTN,NYSE
D,NYSE
TRTN,NYSE
E,NYSE
TRTN,NYSE
F,NYSE
TRTX,NYSE
TRTX,NYSE
C,NYSE
TRU,NYSE
TRV,NYSE
TS,NYSE
TSE,NYSE
TSI,NYSE
TSLX,NYSE
TSM,NYSE
TSN,NYSE
TSQ,NYSE
TT,NYSE
TTAM,NYSE
TTC,NYSE
TTE,NYSE
TTI,NYSE
TU,NYSE
TUYA,NYSE
TV,NYSE
TVC,NYSE
TVE,NYSE
TWI,NYSE
TWLO,NYSE
TWN,NYSE
TWO,NYSE
TWO,NYSE
A,NYSE
TWO,NYSE
B,NYSE
TWO,NYSE
C,NYSE
TX,NYSE
TXNM,NYSE
TXO,NYSE
TXT,NYSE
TY,NYSE
TY,NYSE
TYG,NYSE
TYL,NYSE
U,NYSE
UA,NYSE
UAA,NYSE
UAN,NYSE
UBER,NYSE
UBS,NYSE
UCB,NYSE
UCB,NYSE
I,NYSE
UDR,NYSE
UE,NYSE
UFI,NYSE
UGI,NYSE
UGP,NYSE
UHAL,NYSE
UHS,NYSE
UHT,NYSE
UI,NYSE
UIS,NYSE
UL,NYSE
ULS,NYSE
UMC,NYSE
UMH,NYSE
UMH,NYSE
D,NYSE
UNF,NYSE
UNFI,NYSE
UNH,NYSE
UNM,NYSE
UNMA,NYSE
UNP,NYSE
UP,NYSE
UPS,NYSE
URI,NYSE
USA,NYSE
USAC,NYSE
USB,NYSE
USB,NYSE
A,NYSE
USB,NYSE
H,NYSE
USB,NYSE
P,NYSE
USB,NYSE
Q,NYSE
USB,NYSE
R,NYSE
USB,NYSE
S,NYSE
USFD,NYSE
USM,NYSE
USNA,NYSE
USPH,NYSE
UTF,NYSE
UTI,NYSE
UTL,NYSE
UTZ,NYSE
UVE,NYSE
UVV,NYSE
UWMC,NYSE
UZD,NYSE
UZE,NYSE
UZF,NYSE
V,NYSE
VAC,NYSE
VAL,NYSE
VALE,NYSE
VATE,NYSE
VBF,NYSE
VCV,NYSE
VEEV,NYSE
VEL,NYSE
VET,NYSE
VFC,NYSE
VG,NYSE
VGI,NYSE
VGM,NYSE
VHC,NYSE
VHI,NYSE
VICI,NYSE
VIK,NYSE
VIPS,NYSE
VIST,NYSE
VIV,NYSE
VKQ,NYSE
VLN,NYSE
VLO,NYSE
VLRS,NYSE
VLT,NYSE
VLTO,NYSE
VMC,NYSE
VMI,NYSE
VMO,NYSE
VNCE,NYSE
VNO,NYSE
VNO,NYSE
L,NYSE
VNO,NYSE
M,NYSE
VNO,NYSE
N,NYSE
VNO,NYSE
O,NYSE
VNT,NYSE
VOC,NYSE
VOYA,NYSE
VOYA,NYSE
B,NYSE
VPG,NYSE
VPV,NYSE
VRE,NYSE
VRN,NYSE
VRT,NYSE
VRTS,NYSE
VSCO,NYSE
VSH,NYSE
VST,NYSE
VSTS,NYSE
VTEX,NYSE
VTLE,NYSE
VTMX,NYSE
VTN,NYSE
VTOL,NYSE
VTR,NYSE
VTS,NYSE
VVR,NYSE
VVV,NYSE
VVX,NYSE
VYX,NYSE
W,NYSE
WAB,NYSE
WAL,NYSE
WAL,NYSE
A,NYSE
WAT,NYSE
WBS,NYSE
WBS,NYSE
F,NYSE
WBS,NYSE
G,NYSE
WBX,NYSE
WCC,NYSE
WCC,NYSE
A,NYSE
WCN,NYSE
WD,NYSE
WDH,NYSE
WDI,NYSE
WDS,NYSE
WEA,NYSE
WEAV,NYSE
WEC,NYSE
WELL,NYSE
WES,NYSE
WEX,NYSE
WF,NYSE
WFC,NYSE
WFC,NYSE
A,NYSE
WFC,NYSE
C,NYSE
WFC,NYSE
D,NYSE
WFC,NYSE
L,NYSE
WFC,NYSE
Y,NYSE
WFC,NYSE
Z,NYSE
WFG,NYSE
WGO,NYSE
WH,NYSE
WHD,NYSE
WHG,NYSE
WHR,NYSE
WIA,NYSE
WIT,NYSE
WIW,NYSE
WK,NYSE
WKC,NYSE
WLK,NYSE
WLKP,NYSE
WLY,NYSE
WLYB,NYSE
WM,NYSE
WMB,NYSE
WMK,NYSE
WMS,NYSE
WMT,NYSE
WNC,NYSE
WNS,NYSE
WOLF,NYSE
WOR,NYSE
WOW,NYSE
WPC,NYSE
WPM,NYSE
WPP,NYSE
WRB,NYSE
WRB,NYSE
E,NYSE
WRB,NYSE
F,NYSE
WRB,NYSE
G,NYSE
WRB,NYSE
H,NYSE
WRBY,NYSE
WS,NYSE
WSM,NYSE
WSO,NYSE
WSO,NYSE
B,NYSE
WSR,NYSE
WST,NYSE
WT,NYSE
WTI,NYSE
WTM,NYSE
WTRG,NYSE
WTS,NYSE
WTTR,NYSE
WU,NYSE
WWW,NYSE
WY,NYSE
X,NYSE
XFLT,NYSE
XFLT,NYSE
A,NYSE
XHR,NYSE
XIFR,NYSE
XIN,NYSE
XOM,NYSE
XPER,NYSE
XPEV,NYSE
XPO,NYSE
XPOF,NYSE
XPRO,NYSE
XYF,NYSE
XYL,NYSE
XYZ,NYSE
YALA,NYSE
YELP,NYSE
YETI,NYSE
YEXT,NYSE
YMM,NYSE
YOU,NYSE
YPF,NYSE
YRD,NYSE
YSG,NYSE
YUM,NYSE
YUMC,NYSE
ZBH,NYSE
ZEPP,NYSE
ZETA,NYSE
ZGN,NYSE
ZH,NYSE
ZIM,NYSE
ZIP,NYSE
ZK,NYSE
ZKH,NYSE
ZTO,NYSE
ZTR,NYSE
ZTS,NYSE
ZVIA,NYSE
ZWS,NYSE
AACBU,NASDAQ
AACG,NASDAQ
AADI,NASDAQ
AAL,NASDAQ
AAME,NASDAQ
AAOI,NASDAQ
AAON,NASDAQ
AAPG,NASDAQ
AAPL,NASDAQ
AARD,NASDAQ
ABAT,NASDAQ
ABCL,NASDAQ
ABEO,NASDAQ
ABL,NASDAQ
ABLLL,NASDAQ
ABLLW,NASDAQ
ABLV,NASDAQ
ABNB,NASDAQ
ABOS,NASDAQ
ABP,NASDAQ
ABPWW,NASDAQ
ABSI,NASDAQ
ABTS,NASDAQ
ABUS,NASDAQ
ABVC,NASDAQ
ABVE,NASDAQ
ABVEW,NASDAQ
ABVX,NASDAQ
ACAD,NASDAQ
ACB,NASDAQ
ACCD,NASDAQ
ACDC,NASDAQ
ACET,NASDAQ
ACGL,NASDAQ
ACGLN,NASDAQ
ACGLO,NASDAQ
ACHC,NASDAQ
ACHL,NASDAQ
ACHV,NASDAQ
ACIC,NASDAQ
ACIU,NASDAQ
ACIW,NASDAQ
ACLS,NASDAQ
ACLX,NASDAQ
ACMR,NASDAQ
ACNB,NASDAQ
ACNT,NASDAQ
ACOG,NASDAQ
ACON,NASDAQ
ACONW,NASDAQ
ACRS,NASDAQ
ACRV,NASDAQ
ACT,NASDAQ
ACTG,NASDAQ
ACTU,NASDAQ
ACVA,NASDAQ
ACXP,NASDAQ
ADAG,NASDAQ
ADAP,NASDAQ
ADBE,NASDAQ
ADD,NASDAQ
ADEA,NASDAQ
ADGM,NASDAQ
ADI,NASDAQ
ADIL,NASDAQ
ADMA,NASDAQ
ADN,NASDAQ
ADNWW,NASDAQ
ADP,NASDAQ
ADPT,NASDAQ
ADSE,NASDAQ
ADSEW,NASDAQ
ADSK,NASDAQ
ADTN,NASDAQ
ADTX,NASDAQ
ADUR,NASDAQ
ADUS,NASDAQ
ADV,NASDAQ
ADVM,NASDAQ
ADVWW,NASDAQ
ADXN,NASDAQ
AEHL,NASDAQ
AEHR,NASDAQ
AEI,NASDAQ
AEIS,NASDAQ
AEMD,NASDAQ
AENT,NASDAQ
AENTW,NASDAQ
AEP,NASDAQ
AERT,NASDAQ
AEVA,NASDAQ
AEVAW,NASDAQ
AEYE,NASDAQ
AFBI,NASDAQ
AFCG,NASDAQ
AFJKR,NASDAQ
AFMD,NASDAQ
AFRI,NASDAQ
AFRIW,NASDAQ
AFRM,NASDAQ
AFYA,NASDAQ
AGAE,NASDAQ
AGEN,NASDAQ
AGFY,NASDAQ
AGH,NASDAQ
AGIO,NASDAQ
AGMH,NASDAQ
AGNC,NASDAQ
AGNCL,NASDAQ
AGNCM,NASDAQ
AGNCN,NASDAQ
AGNCO,NASDAQ
AGNCP,NASDAQ
AGRI,NASDAQ
AGYS,NASDAQ
AHCO,NASDAQ
AHG,NASDAQ
AIEV,NASDAQ
AIFF,NASDAQ
AIFU,NASDAQ
AIHS,NASDAQ
AIMAU,NASDAQ
AIMAW,NASDAQ
AIMBU,NASDAQ
AIMD,NASDAQ
AIMDW,NASDAQ
AIOT,NASDAQ
AIP,NASDAQ
AIRE,NASDAQ
AIRG,NASDAQ
AIRJ,NASDAQ
AIRJW,NASDAQ
AIRS,NASDAQ
AIRT,NASDAQ
AIRTP,NASDAQ
AISP,NASDAQ
AISPW,NASDAQ
AITR,NASDAQ
AITRR,NASDAQ
AITRU,NASDAQ
AIXI,NASDAQ
AKAM,NASDAQ
AKAN,NASDAQ
AKBA,NASDAQ
AKRO,NASDAQ
AKTX,NASDAQ
AKYA,NASDAQ
ALAB,NASDAQ
ALAR,NASDAQ
ALBT,NASDAQ
ALCO,NASDAQ
ALCY,NASDAQ
ALCYW,NASDAQ
ALDF,NASDAQ
ALDFU,NASDAQ
ALDFW,NASDAQ
ALDX,NASDAQ
ALEC,NASDAQ
ALF,NASDAQ
ALFUU,NASDAQ
ALFUW,NASDAQ
ALGM,NASDAQ
ALGN,NASDAQ
ALGS,NASDAQ
ALGT,NASDAQ
ALHC,NASDAQ
ALKS,NASDAQ
ALKT,NASDAQ
ALLK,NASDAQ
ALLO,NASDAQ
ALLR,NASDAQ
ALLT,NASDAQ
ALMS,NASDAQ
ALNT,NASDAQ
ALNY,NASDAQ
ALOT,NASDAQ
ALRM,NASDAQ
ALRS,NASDAQ
ALT,NASDAQ
ALTI,NASDAQ
ALTO,NASDAQ
ALTR,NASDAQ
ALTS,NASDAQ
ALVO,NASDAQ
ALVOW,NASDAQ
ALVR,NASDAQ
ALXO,NASDAQ
ALZN,NASDAQ
AMAL,NASDAQ
AMAT,NASDAQ
AMBA,NASDAQ
AMCX,NASDAQ
AMD,NASDAQ
AMED,NASDAQ
AMGN,NASDAQ
AMIX,NASDAQ
AMKR,NASDAQ
AMLX,NASDAQ
AMOD,NASDAQ
AMODW,NASDAQ
AMPG,NASDAQ
AMPGW,NASDAQ
AMPH,NASDAQ
AMPL,NASDAQ
AMRK,NASDAQ
AMRN,NASDAQ
AMRX,NASDAQ
AMSC,NASDAQ
AMSF,NASDAQ
AMST,NASDAQ
AMTX,NASDAQ
AMWD,NASDAQ
AMZN,NASDAQ
ANAB,NASDAQ
ANDE,NASDAQ
ANEB,NASDAQ
ANGH,NASDAQ
ANGHW,NASDAQ
ANGI,NASDAQ
ANGO,NASDAQ
ANIK,NASDAQ
ANIP,NASDAQ
ANIX,NASDAQ
ANL,NASDAQ
ANNA,NASDAQ
ANNAW,NASDAQ
ANNX,NASDAQ
ANSC,NASDAQ
ANSCU,NASDAQ
ANSCW,NASDAQ
ANSS,NASDAQ
ANTE,NASDAQ
ANTX,NASDAQ
ANY,NASDAQ
AOSL,NASDAQ
AOUT,NASDAQ
APA,NASDAQ
APCX,NASDAQ
APCXW,NASDAQ
APDN,NASDAQ
APEI,NASDAQ
APGE,NASDAQ
API,NASDAQ
APLD,NASDAQ
APLM,NASDAQ
APLMW,NASDAQ
APLS,NASDAQ
APLT,NASDAQ
APM,NASDAQ
APOG,NASDAQ
APP,NASDAQ
APPF,NASDAQ
APPN,NASDAQ
APPS,NASDAQ
APRE,NASDAQ
APTO,NASDAQ
APVO,NASDAQ
APWC,NASDAQ
APYX,NASDAQ
AQB,NASDAQ
AQMS,NASDAQ
AQST,NASDAQ
AQU,NASDAQ
AQUNR,NASDAQ
ARAY,NASDAQ
ARBB,NASDAQ
ARBE,NASDAQ
ARBEW,NASDAQ
ARBK,NASDAQ
ARBKL,NASDAQ
ARCB,NASDAQ
ARCC,NASDAQ
ARCT,NASDAQ
ARDX,NASDAQ
AREB,NASDAQ
AREBW,NASDAQ
AREC,NASDAQ
ARGX,NASDAQ
ARHS,NASDAQ
ARKO,NASDAQ
ARKOW,NASDAQ
ARKR,NASDAQ
ARLP,NASDAQ
ARM,NASDAQ
AROW,NASDAQ
ARQ,NASDAQ
ARQQ,NASDAQ
ARQQW,NASDAQ
ARQT,NASDAQ
ARRY,NASDAQ
ARTL,NASDAQ
ARTNA,NASDAQ
ARTV,NASDAQ
ARTW,NASDAQ
ARVN,NASDAQ
ARWR,NASDAQ
ASBP,NASDAQ
ASBPW,NASDAQ
ASLE,NASDAQ
ASMB,NASDAQ
ASML,NASDAQ
ASND,NASDAQ
ASNS,NASDAQ
ASO,NASDAQ
ASPC,NASDAQ
ASPCR,NASDAQ
ASPCU,NASDAQ
ASPI,NASDAQ
ASPS,NASDAQ
ASRT,NASDAQ
ASRV,NASDAQ
ASST,NASDAQ
ASTC,NASDAQ
ASTE,NASDAQ
ASTH,NASDAQ
ASTI,NASDAQ
ASTL,NASDAQ
ASTLW,NASDAQ
ASTS,NASDAQ
ASUR,NASDAQ
ASYS,NASDAQ
ATAI,NASDAQ
ATAT,NASDAQ
ATCOL,NASDAQ
ATEC,NASDAQ
ATER,NASDAQ
ATEX,NASDAQ
ATGL,NASDAQ
ATHA,NASDAQ
ATHE,NASDAQ
ATIIU,NASDAQ
ATLC,NASDAQ
ATLCL,NASDAQ
ATLCP,NASDAQ
ATLCZ,NASDAQ
ATLN,NASDAQ
ATLO,NASDAQ
ATLX,NASDAQ
ATMC,NASDAQ
ATMCR,NASDAQ
ATMCW,NASDAQ
ATMV,NASDAQ
ATMVR,NASDAQ
ATNF,NASDAQ
ATNFW,NASDAQ
ATNI,NASDAQ
ATOM,NASDAQ
ATOS,NASDAQ
ATPC,NASDAQ
ATRA,NASDAQ
ATRC,NASDAQ
ATRO,NASDAQ
ATSG,NASDAQ
ATXG,NASDAQ
ATXI,NASDAQ
ATXS,NASDAQ
ATYR,NASDAQ
AUBN,NASDAQ
AUDC,NASDAQ
AUID,NASDAQ
AUPH,NASDAQ
AUR,NASDAQ
AURA,NASDAQ
AUROW,NASDAQ
AUTL,NASDAQ
AUUD,NASDAQ
AUUDW,NASDAQ
AVAH,NASDAQ
AVAV,NASDAQ
AVBP,NASDAQ
AVDL,NASDAQ
AVDX,NASDAQ
AVGO,NASDAQ
AVIR,NASDAQ
AVNW,NASDAQ
AVO,NASDAQ
AVPT,NASDAQ
AVPTW,NASDAQ
AVR,NASDAQ
AVT,NASDAQ
AVTE,NASDAQ
AVTX,NASDAQ
AVXL,NASDAQ
AWH,NASDAQ
AWRE,NASDAQ
AXDX,NASDAQ
AXGN,NASDAQ
AXON,NASDAQ
AXSM,NASDAQ
AXTI,NASDAQ
AYRO,NASDAQ
AYTU,NASDAQ
AZ,NASDAQ
AZI,NASDAQ
AZN,NASDAQ
AZPN,NASDAQ
AZTA,NASDAQ
BACK,NASDAQ
BACQ,NASDAQ
BACQR,NASDAQ
BACQU,NASDAQ
BAER,NASDAQ
BAERW,NASDAQ
BAFN,NASDAQ
BAND,NASDAQ
BANF,NASDAQ
BANL,NASDAQ
BANR,NASDAQ
BANX,NASDAQ
BAOS,NASDAQ
BASE,NASDAQ
BATRA,NASDAQ
BATRK,NASDAQ
BAYA,NASDAQ
BAYAR,NASDAQ
BBCP,NASDAQ
BBGI,NASDAQ
BBIO,NASDAQ
BBLG,NASDAQ
BBLGW,NASDAQ
BBNX,NASDAQ
BBSI,NASDAQ
BCAB,NASDAQ
BCAL,NASDAQ
BCAX,NASDAQ
BCBP,NASDAQ
BCDA,NASDAQ
BCG,NASDAQ
BCGWW,NASDAQ
BCLI,NASDAQ
BCML,NASDAQ
BCOW,NASDAQ
BCPC,NASDAQ
BCRX,NASDAQ
BCTX,NASDAQ
BCTXW,NASDAQ
BCYC,NASDAQ
BDMD,NASDAQ
BDRX,NASDAQ
BDSX,NASDAQ
BDTX,NASDAQ
BEAG,NASDAQ
BEAGR,NASDAQ
BEAGU,NASDAQ
BEAM,NASDAQ
BEAT,NASDAQ
BEATW,NASDAQ
BECN,NASDAQ
BEEM,NASDAQ
BELFA,NASDAQ
BELFB,NASDAQ
BENF,NASDAQ
BENFW,NASDAQ
BETR,NASDAQ
BETRW,NASDAQ
BFC,NASDAQ
BFIN,NASDAQ
BFRG,NASDAQ
BFRGW,NASDAQ
BFRI,NASDAQ
BFRIW,NASDAQ
BFST,NASDAQ
BGC,NASDAQ
BGFV,NASDAQ
BGLC,NASDAQ
BGM,NASDAQ
BHAT,NASDAQ
BHF,NASDAQ
BHFAL,NASDAQ
BHFAM,NASDAQ
BHFAN,NASDAQ
BHFAO,NASDAQ
BHFAP,NASDAQ
BHIL,NASDAQ
BHRB,NASDAQ
BHST,NASDAQ
BIAF,NASDAQ
BIAFW,NASDAQ
BIDU,NASDAQ
BIGC,NASDAQ
BIIB,NASDAQ
BILI,NASDAQ
BIOA,NASDAQ
BIOX,NASDAQ
BIRD,NASDAQ
BITF,NASDAQ
BIVI,NASDAQ
BJDX,NASDAQ
BJRI,NASDAQ
BKHA,NASDAQ
BKHAR,NASDAQ
BKHAU,NASDAQ
BKNG,NASDAQ
BKR,NASDAQ
BKYI,NASDAQ
BL,NASDAQ
BLBD,NASDAQ
BLBX,NASDAQ
BLDE,NASDAQ
BLDEW,NASDAQ
BLDP,NASDAQ
BLFS,NASDAQ
BLFY,NASDAQ
BLIN,NASDAQ
BLKB,NASDAQ
BLMN,NASDAQ
BLMZ,NASDAQ
BLNE,NASDAQ
BLNK,NASDAQ
BLRX,NASDAQ
BLTE,NASDAQ
BLUE,NASDAQ
BLZE,NASDAQ
BMBL,NASDAQ
BMEA,NASDAQ
BMR,NASDAQ
BMRA,NASDAQ
BMRC,NASDAQ
BMRN,NASDAQ
BNAI,NASDAQ
BNAIW,NASDAQ
BNGO,NASDAQ
BNIX,NASDAQ
BNIXR,NASDAQ
BNIXW,NASDAQ
BNR,NASDAQ
BNRG,NASDAQ
BNTC,NASDAQ
BNTX,NASDAQ
BNZI,NASDAQ
BNZIW,NASDAQ
BOF,NASDAQ
BOKF,NASDAQ
BOLD,NASDAQ
BOLT,NASDAQ
BON,NASDAQ
BOOM,NASDAQ
BOSC,NASDAQ
BOTJ,NASDAQ
BOWN,NASDAQ
BOWNR,NASDAQ
BOWNU,NASDAQ
BOXL,NASDAQ
BPMC,NASDAQ
BPOP,NASDAQ
BPOPM,NASDAQ
BPRN,NASDAQ
BPYPM,NASDAQ
BPYPN,NASDAQ
BPYPO,NASDAQ
BPYPP,NASDAQ
BRAG,NASDAQ
BREA,NASDAQ
BRFH,NASDAQ
BRID,NASDAQ
BRKL,NASDAQ
BRKR,NASDAQ
BRLS,NASDAQ
BRLSW,NASDAQ
BRLT,NASDAQ
BRNS,NASDAQ
BROG,NASDAQ
BRTX,NASDAQ
BRY,NASDAQ
BRZE,NASDAQ
BSBK,NASDAQ
BSET,NASDAQ
BSGM,NASDAQ
BSII,NASDAQ
BSIIU,NASDAQ
BSIIW,NASDAQ
BSLK,NASDAQ
BSLKW,NASDAQ
BSRR,NASDAQ
BSVN,NASDAQ
BSY,NASDAQ
BTAI,NASDAQ
BTBD,NASDAQ
BTBT,NASDAQ
BTCS,NASDAQ
BTCT,NASDAQ
BTCTW,NASDAQ
BTDR,NASDAQ
BTM,NASDAQ
BTMD,NASDAQ
BTMWW,NASDAQ
BTOC,NASDAQ
BTOG,NASDAQ
BTSG,NASDAQ
BTSGU,NASDAQ
BUJA,NASDAQ
BUJAR,NASDAQ
BUSE,NASDAQ
BVFL,NASDAQ
BVS,NASDAQ
BWAY,NASDAQ
BWB,NASDAQ
BWBBP,NASDAQ
BWEN,NASDAQ
BWFG,NASDAQ
BWIN,NASDAQ
BWMN,NASDAQ
BYFC,NASDAQ
BYND,NASDAQ
BYRN,NASDAQ
BYSI,NASDAQ
BZ,NASDAQ
BZAI,NASDAQ
BZAIW,NASDAQ
BZFD,NASDAQ
BZFDW,NASDAQ
BZUN,NASDAQ
CAAS,NASDAQ
CABA,NASDAQ
CAC,NASDAQ
CACC,NASDAQ
CADL,NASDAQ
CAKE,NASDAQ
CALC,NASDAQ
CALM,NASDAQ
CAMP,NASDAQ
CAMT,NASDAQ
CAN,NASDAQ
CAPN,NASDAQ
CAPR,NASDAQ
CAPT,NASDAQ
CAPTW,NASDAQ
CAR,NASDAQ
CARA,NASDAQ
CARE,NASDAQ
CARG,NASDAQ
CARM,NASDAQ
CART,NASDAQ
CARV,NASDAQ
CASH,NASDAQ
CASI,NASDAQ
CASK,NASDAQ
CASS,NASDAQ
CASY,NASDAQ
CATY,NASDAQ
CBAT,NASDAQ
CBFV,NASDAQ
CBLL,NASDAQ
CBNK,NASDAQ
CBRL,NASDAQ
CBSH,NASDAQ
CBUS,NASDAQ
CCAP,NASDAQ
CCB,NASDAQ
CCBG,NASDAQ
CCCC,NASDAQ
CCCS,NASDAQ
CCD,NASDAQ
CCEC,NASDAQ
CCEP,NASDAQ
CCG,NASDAQ
CCGWW,NASDAQ
CCIR,NASDAQ
CCIRU,NASDAQ
CCIRW,NASDAQ
CCIX,NASDAQ
CCIXU,NASDAQ
CCIXW,NASDAQ
CCLD,NASDAQ
CCLDO,NASDAQ
CCLDP,NASDAQ
CCNE,NASDAQ
CCNEP,NASDAQ
CCOI,NASDAQ
CCRN,NASDAQ
CCSI,NASDAQ
CCTG,NASDAQ
CDIO,NASDAQ
CDIOW,NASDAQ
CDLX,NASDAQ
CDNA,NASDAQ
CDNS,NASDAQ
CDRO,NASDAQ
CDROW,NASDAQ
CDT,NASDAQ
CDTG,NASDAQ
CDTTW,NASDAQ
CDTX,NASDAQ
CDW,NASDAQ
CDXC,NASDAQ
CDXS,NASDAQ
CDZI,NASDAQ
CDZIP,NASDAQ
CEAD,NASDAQ
CEADW,NASDAQ
CECO,NASDAQ
CEG,NASDAQ
CELC,NASDAQ
CELH,NASDAQ
CELU,NASDAQ
CELUW,NASDAQ
CELZ,NASDAQ
CENN,NASDAQ
CENT,NASDAQ
CENTA,NASDAQ
CENX,NASDAQ
CEP,NASDAQ
CEPO,NASDAQ
CERO,NASDAQ
CEROW,NASDAQ
CERS,NASDAQ
CERT,NASDAQ
CETX,NASDAQ
CETY,NASDAQ
CEVA,NASDAQ
CFB,NASDAQ
CFBK,NASDAQ
CFFI,NASDAQ
CFFN,NASDAQ
CFLT,NASDAQ
CFSB,NASDAQ
CG,NASDAQ
CGABL,NASDAQ
CGBD,NASDAQ
CGBDL,NASDAQ
CGBS,NASDAQ
CGBSW,NASDAQ
CGC,NASDAQ
CGEM,NASDAQ
CGEN,NASDAQ
CGNT,NASDAQ
CGNX,NASDAQ
CGO,NASDAQ
CGON,NASDAQ
CGTL,NASDAQ
CGTX,NASDAQ
CHAR,NASDAQ
CHARR,NASDAQ
CHCI,NASDAQ
CHCO,NASDAQ
CHDN,NASDAQ
CHEF,NASDAQ
CHEK,NASDAQ
CHI,NASDAQ
CHKP,NASDAQ
CHMG,NASDAQ
CHNR,NASDAQ
CHR,NASDAQ
CHRD,NASDAQ
CHRS,NASDAQ
CHRW,NASDAQ
CHSCL,NASDAQ
CHSCM,NASDAQ
CHSCN,NASDAQ
CHSCO,NASDAQ
CHSCP,NASDAQ
CHSN,NASDAQ
CHTR,NASDAQ
CHW,NASDAQ
CHX,NASDAQ
CHY,NASDAQ
CIFR,NASDAQ
CIFRW,NASDAQ
CIGI,NASDAQ
CINF,NASDAQ
CING,NASDAQ
CINGW,NASDAQ
CISO,NASDAQ
CISS,NASDAQ
CIVB,NASDAQ
CJET,NASDAQ
CJJD,NASDAQ
CJMB,NASDAQ
CKPT,NASDAQ
CLAR,NASDAQ
CLBK,NASDAQ
CLBT,NASDAQ
CLDX,NASDAQ
CLEU,NASDAQ
CLFD,NASDAQ
CLGN,NASDAQ
CLIK,NASDAQ
CLIR,NASDAQ
CLLS,NASDAQ
CLMB,NASDAQ
CLMT,NASDAQ
CLNE,NASDAQ
CLNN,NASDAQ
CLNNW,NASDAQ
CLOV,NASDAQ
CLPS,NASDAQ
CLPT,NASDAQ
CLRB,NASDAQ
CLRC,NASDAQ
CLRCR,NASDAQ
CLRO,NASDAQ
CLSD,NASDAQ
CLSK,NASDAQ
CLSKW,NASDAQ
CLST,NASDAQ
CLWT,NASDAQ
CLYM,NASDAQ
CMBM,NASDAQ
CMCO,NASDAQ
CMCSA,NASDAQ
CMCT,NASDAQ
CME,NASDAQ
CMLS,NASDAQ
CMMB,NASDAQ
CMND,NASDAQ
CMPO,NASDAQ
CMPOV,NASDAQ
CMPOW,NASDAQ
CMPR,NASDAQ
CMPS,NASDAQ
CMPX,NASDAQ
CMRX,NASDAQ
CMTL,NASDAQ
CNCK,NASDAQ
CNCKW,NASDAQ
CNDT,NASDAQ
CNET,NASDAQ
CNEY,NASDAQ
CNFR,NASDAQ
CNOB,NASDAQ
CNOBP,NASDAQ
CNSP,NASDAQ
CNTA,NASDAQ
CNTB,NASDAQ
CNTM,NASDAQ
CNTX,NASDAQ
CNTY,NASDAQ
CNVS,NASDAQ
CNXC,NASDAQ
CNXN,NASDAQ
COCH,NASDAQ
COCHW,NASDAQ
COCO,NASDAQ
COCP,NASDAQ
CODA,NASDAQ
CODX,NASDAQ
COEP,NASDAQ
COEPW,NASDAQ
COFS,NASDAQ
COGT,NASDAQ
COHU,NASDAQ
COIN,NASDAQ
COKE,NASDAQ
COLAU,NASDAQ
COLB,NASDAQ
COLL,NASDAQ
COLM,NASDAQ
COMM,NASDAQ
COO,NASDAQ
COOP,NASDAQ
COOT,NASDAQ
COOTW,NASDAQ
CORT,NASDAQ
CORZ,NASDAQ
CORZW,NASDAQ
CORZZ,NASDAQ
COSM,NASDAQ
COST,NASDAQ
COYA,NASDAQ
CPB,NASDAQ
CPBI,NASDAQ
CPHC,NASDAQ
CPIX,NASDAQ
CPOP,NASDAQ
CPRT,NASDAQ
CPRX,NASDAQ
CPSH,NASDAQ
CPSS,NASDAQ
CPZ,NASDAQ
CRAI,NASDAQ
CRBP,NASDAQ
CRBU,NASDAQ
CRCT,NASDAQ
CRDF,NASDAQ
CRDL,NASDAQ
CRDO,NASDAQ
CREG,NASDAQ
CRESW,NASDAQ
CRESY,NASDAQ
CREV,NASDAQ
CREVW,NASDAQ
CREX,NASDAQ
CRGO,NASDAQ
CRGOW,NASDAQ
CRGX,NASDAQ
CRIS,NASDAQ
CRKN,NASDAQ
CRMD,NASDAQ
CRML,NASDAQ
CRMLW,NASDAQ
CRMT,NASDAQ
CRNC,NASDAQ
CRNT,NASDAQ
CRNX,NASDAQ
CRON,NASDAQ
CROX,NASDAQ
CRSP,NASDAQ
CRSR,NASDAQ
CRTO,NASDAQ
CRUS,NASDAQ
CRVL,NASDAQ
CRVO,NASDAQ
CRVS,NASDAQ
CRWD,NASDAQ
CRWS,NASDAQ
CSAI,NASDAQ
CSBR,NASDAQ
CSCI,NASDAQ
CSCO,NASDAQ
CSGP,NASDAQ
CSGS,NASDAQ
CSIQ,NASDAQ
CSLR,NASDAQ
CSLRW,NASDAQ
CSPI,NASDAQ
CSQ,NASDAQ
CSTE,NASDAQ
CSTL,NASDAQ
CSWC,NASDAQ
CSWCZ,NASDAQ
CSWI,NASDAQ
CSX,NASDAQ
CTAS,NASDAQ
CTBI,NASDAQ
CTCX,NASDAQ
CTHR,NASDAQ
CTKB,NASDAQ
CTLP,NASDAQ
CTMX,NASDAQ
CTNM,NASDAQ
CTNT,NASDAQ
CTOR,NASDAQ
CTRM,NASDAQ
CTRN,NASDAQ
CTSH,NASDAQ
CTSO,NASDAQ
CTXR,NASDAQ
CUB,NASDAQ
CUBA,NASDAQ
CUBWU,NASDAQ
CUBWW,NASDAQ
CUE,NASDAQ
CURI,NASDAQ
CURIW,NASDAQ
CURR,NASDAQ
CUTR,NASDAQ
CVAC,NASDAQ
CVBF,NASDAQ
CVCO,NASDAQ
CVGI,NASDAQ
CVGW,NASDAQ
CVKD,NASDAQ
CVLT,NASDAQ
CVRX,NASDAQ
CVV,NASDAQ
CWBC,NASDAQ
CWCO,NASDAQ
CWD,NASDAQ
CWST,NASDAQ
CXAI,NASDAQ
CXAIW,NASDAQ
CXDO,NASDAQ
CYBR,NASDAQ
CYCC,NASDAQ
CYCCP,NASDAQ
CYCN,NASDAQ
CYCU,NASDAQ
CYCUW,NASDAQ
CYN,NASDAQ
CYRX,NASDAQ
CYTH,NASDAQ
CYTHW,NASDAQ
CYTK,NASDAQ
CZFS,NASDAQ
CZNC,NASDAQ
CZR,NASDAQ
CZWI,NASDAQ
DADA,NASDAQ
DAIO,NASDAQ
DAKT,NASDAQ
DALN,NASDAQ
DARE,NASDAQ
DASH,NASDAQ
DATS,NASDAQ
DATSW,NASDAQ
DAVE,NASDAQ
DAVEW,NASDAQ
DAWN,NASDAQ
DBVT,NASDAQ
DBX,NASDAQ
DCBO,NASDAQ
DCGO,NASDAQ
DCOM,NASDAQ
DCOMG,NASDAQ
DCOMP,NASDAQ
DCTH,NASDAQ
DDI,NASDAQ
DDOG,NASDAQ
DECA,NASDAQ
DECAU,NASDAQ
DECAW,NASDAQ
DENN,NASDAQ
DERM,NASDAQ
DEVS,NASDAQ
DFLI,NASDAQ
DFLIW,NASDAQ
DGHI,NASDAQ
DGICA,NASDAQ
DGICB,NASDAQ
DGII,NASDAQ
DGLY,NASDAQ
DGNX,NASDAQ
DH,NASDAQ
DHAI,NASDAQ
DHAIW,NASDAQ
DHC,NASDAQ
DHCNI,NASDAQ
DHCNL,NASDAQ
DHIL,NASDAQ
DIBS,NASDAQ
DIOD,NASDAQ
DIST,NASDAQ
DISTW,NASDAQ
DJCO,NASDAQ
DJT,NASDAQ
DJTWW,NASDAQ
DKNG,NASDAQ
DLHC,NASDAQ
DLO,NASDAQ
DLPN,NASDAQ
DLTH,NASDAQ
DLTR,NASDAQ
DMAAU,NASDAQ
DMAC,NASDAQ
DMLP,NASDAQ
DMN,NASDAQ
DMRC,NASDAQ
DNLI,NASDAQ
DNTH,NASDAQ
DNUT,NASDAQ
DOCU,NASDAQ
DOGZ,NASDAQ
DOMH,NASDAQ
DOMO,NASDAQ
DOOO,NASDAQ
DORM,NASDAQ
DOX,NASDAQ
DOYU,NASDAQ
DPRO,NASDAQ
DPZ,NASDAQ
DRCT,NASDAQ
DRDB,NASDAQ
DRDBU,NASDAQ
DRDBW,NASDAQ
DRIO,NASDAQ
DRMA,NASDAQ
DRMAW,NASDAQ
DRRX,NASDAQ
DRS,NASDAQ
DRTS,NASDAQ
DRTSW,NASDAQ
DRUG,NASDAQ
DRVN,NASDAQ
DSGN,NASDAQ
DSGR,NASDAQ
DSGX,NASDAQ
DSP,NASDAQ
DSWL,NASDAQ
DSY,NASDAQ
DSYWW,NASDAQ
DTCK,NASDAQ
DTI,NASDAQ
DTIL,NASDAQ
DTSQ,NASDAQ
DTSQR,NASDAQ
DTSS,NASDAQ
DTST,NASDAQ
DTSTW,NASDAQ
DUO,NASDAQ
DUOL,NASDAQ
DUOT,NASDAQ
DVAX,NASDAQ
DVLT,NASDAQ
DWSN,NASDAQ
DWTX,NASDAQ
DXCM,NASDAQ
DXLG,NASDAQ
DXPE,NASDAQ
DXR,NASDAQ
DXST,NASDAQ
DYAI,NASDAQ
DYCQ,NASDAQ
DYCQR,NASDAQ
DYN,NASDAQ
DYNX,NASDAQ
DYNXU,NASDAQ
DYNXW,NASDAQ
EA,NASDAQ
EBAY,NASDAQ
EBC,NASDAQ
EBMT,NASDAQ
EBON,NASDAQ
EBTC,NASDAQ
ECBK,NASDAQ
ECDA,NASDAQ
ECDAW,NASDAQ
ECOR,NASDAQ
ECPG,NASDAQ
ECX,NASDAQ
ECXWW,NASDAQ
EDAP,NASDAQ
EDBL,NASDAQ
EDBLW,NASDAQ
EDIT,NASDAQ
EDRY,NASDAQ
EDSA,NASDAQ
EDTK,NASDAQ
EDUC,NASDAQ
EEFT,NASDAQ
EEIQ,NASDAQ
EFOI,NASDAQ
EFSC,NASDAQ
EFSCP,NASDAQ
EFSI,NASDAQ
EGAN,NASDAQ
EGBN,NASDAQ
EGHT,NASDAQ
EH,NASDAQ
EHGO,NASDAQ
EHTH,NASDAQ
EJH,NASDAQ
EKSO,NASDAQ
ELAB,NASDAQ
ELBM,NASDAQ
ELDN,NASDAQ
ELEV,NASDAQ
ELPW,NASDAQ
ELSE,NASDAQ
ELTK,NASDAQ
ELTX,NASDAQ
ELUT,NASDAQ
ELVA,NASDAQ
ELVN,NASDAQ
ELWS,NASDAQ
EM,NASDAQ
EMBC,NASDAQ
EMCG,NASDAQ
EMCGR,NASDAQ
EMKR,NASDAQ
EML,NASDAQ
ENGN,NASDAQ
ENGNW,NASDAQ
ENLT,NASDAQ
ENLV,NASDAQ
ENPH,NASDAQ
ENSC,NASDAQ
ENSG,NASDAQ
ENTA,NASDAQ
ENTG,NASDAQ
ENTO,NASDAQ
ENTX,NASDAQ
ENVB,NASDAQ
ENVX,NASDAQ
EOLS,NASDAQ
EOSE,NASDAQ
EOSEW,NASDAQ
EPIX,NASDAQ
EPOW,NASDAQ
EPRX,NASDAQ
EPSN,NASDAQ
EPWK,NASDAQ
EQ,NASDAQ
EQIX,NASDAQ
ERAS,NASDAQ
ERIC,NASDAQ
ERIE,NASDAQ
ERII,NASDAQ
ERNA,NASDAQ
ESCA,NASDAQ
ESEA,NASDAQ
ESGL,NASDAQ
ESGLW,NASDAQ
ESGR,NASDAQ
ESGRO,NASDAQ
ESGRP,NASDAQ
ESHAR,NASDAQ
ESLA,NASDAQ
ESLAW,NASDAQ
ESLT,NASDAQ
ESOA,NASDAQ
ESPR,NASDAQ
ESQ,NASDAQ
ESSA,NASDAQ
ESTA,NASDAQ
ETNB,NASDAQ
ETON,NASDAQ
ETSY,NASDAQ
EU,NASDAQ
EUDA,NASDAQ
EUDAW,NASDAQ
EURK,NASDAQ
EURKU,NASDAQ
EVAX,NASDAQ
EVCM,NASDAQ
EVER,NASDAQ
EVGN,NASDAQ
EVGO,NASDAQ
EVGOW,NASDAQ
EVLV,NASDAQ
EVLVW,NASDAQ
EVO,NASDAQ
EVOK,NASDAQ
EVRG,NASDAQ
EVTV,NASDAQ
EWBC,NASDAQ
EWCZ,NASDAQ
EWTX,NASDAQ
EXAS,NASDAQ
EXC,NASDAQ
EXE,NASDAQ
EXEEL,NASDAQ
EXEEW,NASDAQ
EXEEZ,NASDAQ
EXEL,NASDAQ
EXFY,NASDAQ
EXLS,NASDAQ
EXOZ,NASDAQ
EXPE,NASDAQ
EXPI,NASDAQ
EXPO,NASDAQ
EXTR,NASDAQ
EYE,NASDAQ
EYEN,NASDAQ
EYPT,NASDAQ
EZGO,NASDAQ
EZPW,NASDAQ
FA,NASDAQ
FAAS,NASDAQ
FAASW,NASDAQ
FACT,NASDAQ
FACTW,NASDAQ
FAMI,NASDAQ
FANG,NASDAQ
FARM,NASDAQ
FARO,NASDAQ
FAST,NASDAQ
FAT,NASDAQ
FATBB,NASDAQ
FATBP,NASDAQ
FATBW,NASDAQ
FATE,NASDAQ
FBGL,NASDAQ
FBIO,NASDAQ
FBIOP,NASDAQ
FBIZ,NASDAQ
FBLA,NASDAQ
FBLG,NASDAQ
FBNC,NASDAQ
FBRX,NASDAQ
FBYD,NASDAQ
FBYDW,NASDAQ
FCAP,NASDAQ
FCBC,NASDAQ
FCCO,NASDAQ
FCEL,NASDAQ
FCFS,NASDAQ
FCNCA,NASDAQ
FCNCO,NASDAQ
FCNCP,NASDAQ
FCUV,NASDAQ
FDBC,NASDAQ
FDMT,NASDAQ
FDSB,NASDAQ
FDUS,NASDAQ
FEAM,NASDAQ
FEBO,NASDAQ
FEIM,NASDAQ
FELE,NASDAQ
FEMY,NASDAQ
FENC,NASDAQ
FER,NASDAQ
FFBC,NASDAQ
FFIC,NASDAQ
FFIE,NASDAQ
FFIEW,NASDAQ
FFIN,NASDAQ
FFIV,NASDAQ
FFNW,NASDAQ
FGBI,NASDAQ
FGBIP,NASDAQ
FGEN,NASDAQ
FGF,NASDAQ
FGFPP,NASDAQ
FGI,NASDAQ
FGIWW,NASDAQ
FGL,NASDAQ
FGMC,NASDAQ
FGMCR,NASDAQ
FGMCU,NASDAQ
FHB,NASDAQ
FHTX,NASDAQ
FIBK,NASDAQ
FINW,NASDAQ
FIP,NASDAQ
FISI,NASDAQ
FITB,NASDAQ
FITBI,NASDAQ
FITBO,NASDAQ
FITBP,NASDAQ
FIVE,NASDAQ
FIVN,NASDAQ
FIZZ,NASDAQ
FKWL,NASDAQ
FLD,NASDAQ
FLDDW,NASDAQ
FLEX,NASDAQ
FLGC,NASDAQ
FLGT,NASDAQ
FLIC,NASDAQ
FLL,NASDAQ
FLNC,NASDAQ
FLNT,NASDAQ
FLUX,NASDAQ
FLWS,NASDAQ
FLX,NASDAQ
FLXS,NASDAQ
FLYE,NASDAQ
FLYW,NASDAQ
FMAO,NASDAQ
FMBH,NASDAQ
FMNB,NASDAQ
FMST,NASDAQ
FMSTW,NASDAQ
FMTO,NASDAQ
FNGR,NASDAQ
FNKO,NASDAQ
FNLC,NASDAQ
FNWB,NASDAQ
FNWD,NASDAQ
FOLD,NASDAQ
FONR,NASDAQ
FORA,NASDAQ
FORD,NASDAQ
FORL,NASDAQ
FORM,NASDAQ
FORR,NASDAQ
FORTY,NASDAQ
FOSL,NASDAQ
FOSLL,NASDAQ
FOX,NASDAQ
FOXA,NASDAQ
FOXF,NASDAQ
FOXX,NASDAQ
FOXXW,NASDAQ
FPAY,NASDAQ
FRAF,NASDAQ
FRBA,NASDAQ
FRGT,NASDAQ
FRHC,NASDAQ
FRME,NASDAQ
FRMEP,NASDAQ
FROG,NASDAQ
FRPH,NASDAQ
FRPT,NASDAQ
FRSH,NASDAQ
FRST,NASDAQ
FRSX,NASDAQ
FSBC,NASDAQ
FSBW,NASDAQ
FSEA,NASDAQ
FSFG,NASDAQ
FSHP,NASDAQ
FSHPR,NASDAQ
FSLR,NASDAQ
FSTR,NASDAQ
FSUN,NASDAQ
FSV,NASDAQ
FTAI,NASDAQ
FTAIM,NASDAQ
FTAIN,NASDAQ
FTCI,NASDAQ
FTDR,NASDAQ
FTEK,NASDAQ
FTEL,NASDAQ
FTFT,NASDAQ
FTHM,NASDAQ
FTII,NASDAQ
FTLF,NASDAQ
FTNT,NASDAQ
FTRE,NASDAQ
FUFU,NASDAQ
FUFUW,NASDAQ
FULC,NASDAQ
FULT,NASDAQ
FULTP,NASDAQ
FUNC,NASDAQ
FUND,NASDAQ
FUSB,NASDAQ
FUTU,NASDAQ
FVCB,NASDAQ
FVN,NASDAQ
FVNNU,NASDAQ
FWONA,NASDAQ
FWONK,NASDAQ
FWRD,NASDAQ
FWRG,NASDAQ
FXNC,NASDAQ
FYBR,NASDAQ
GABC,NASDAQ
GAIA,NASDAQ
GAIN,NASDAQ
GAINI,NASDAQ
GAINL,NASDAQ
GAINN,NASDAQ
GAINZ,NASDAQ
GALT,NASDAQ
GAMB,NASDAQ
GAME,NASDAQ
GAN,NASDAQ
GANX,NASDAQ
GASS,NASDAQ
GATE,NASDAQ
GATEW,NASDAQ
GAUZ,NASDAQ
GBBK,NASDAQ
GBBKR,NASDAQ
GBBKW,NASDAQ
GBDC,NASDAQ
GBIO,NASDAQ
GCBC,NASDAQ
GCL,NASDAQ
GCLWW,NASDAQ
GCMG,NASDAQ
GCMGW,NASDAQ
GCT,NASDAQ
GCTK,NASDAQ
GDC,NASDAQ
GDEN,NASDAQ
GDEV,NASDAQ
GDEVW,NASDAQ
GDHG,NASDAQ
GDRX,NASDAQ
GDS,NASDAQ
GDST,NASDAQ
GDSTR,NASDAQ
GDSTW,NASDAQ
GDTC,NASDAQ
GDYN,NASDAQ
GECC,NASDAQ
GECCH,NASDAQ
GECCI,NASDAQ
GECCO,NASDAQ
GECCZ,NASDAQ
GEG,NASDAQ
GEGGL,NASDAQ
GEHC,NASDAQ
GELS,NASDAQ
GEN,NASDAQ
GENK,NASDAQ
GEOS,NASDAQ
GERN,NASDAQ
GEVO,NASDAQ
GFAI,NASDAQ
GFAIW,NASDAQ
GFS,NASDAQ
GGAL,NASDAQ
GGR,NASDAQ
GGROW,NASDAQ
GH,NASDAQ
GHRS,NASDAQ
GIFI,NASDAQ
GIFT,NASDAQ
GIG,NASDAQ
GIGGU,NASDAQ
GIGGW,NASDAQ
GIGM,NASDAQ
GIII,NASDAQ
GILD,NASDAQ
GILT,NASDAQ
GIPR,NASDAQ
GIPRW,NASDAQ
GITS,NASDAQ
GLAC,NASDAQ
GLAD,NASDAQ
GLADZ,NASDAQ
GLBE,NASDAQ
GLBS,NASDAQ
GLBZ,NASDAQ
GLDD,NASDAQ
GLE,NASDAQ
GLMD,NASDAQ
GLNG,NASDAQ
GLPG,NASDAQ
GLPI,NASDAQ
GLRE,NASDAQ
GLSI,NASDAQ
GLST,NASDAQ
GLSTR,NASDAQ
GLSTU,NASDAQ
GLSTW,NASDAQ
GLTO,NASDAQ
GLUE,NASDAQ
GLXG,NASDAQ
GLYC,NASDAQ
GMAB,NASDAQ
GMGI,NASDAQ
GMHS,NASDAQ
GMM,NASDAQ
GNFT,NASDAQ
GNLN,NASDAQ
GNLX,NASDAQ
GNPX,NASDAQ
GNSS,NASDAQ
GNTA,NASDAQ
GNTX,NASDAQ
GO,NASDAQ
GOCO,NASDAQ
GOGL,NASDAQ
GOGO,NASDAQ
GOOD,NASDAQ
GOODN,NASDAQ
GOODO,NASDAQ
GOOG,NASDAQ
GOOGL,NASDAQ
GORV,NASDAQ
GOSS,NASDAQ
GOVX,NASDAQ
GOVXW,NASDAQ
GP,NASDAQ
GPAT,NASDAQ
GPCR,NASDAQ
GPRE,NASDAQ
GPRO,NASDAQ
GRAB,NASDAQ
GRABW,NASDAQ
GRAL,NASDAQ
GRCE,NASDAQ
GREE,NASDAQ
GREEL,NASDAQ
GRFS,NASDAQ
GRI,NASDAQ
GRNQ,NASDAQ
GROW,NASDAQ
GRPN,NASDAQ
GRRR,NASDAQ
GRRRW,NASDAQ
GRVY,NASDAQ
GRWG,NASDAQ
GRYP,NASDAQ
GSAT,NASDAQ
GSBC,NASDAQ
GSHD,NASDAQ
GSIT,NASDAQ
GSIW,NASDAQ
GSM,NASDAQ
GSRT,NASDAQ
GSRTU,NASDAQ
GSUN,NASDAQ
GT,NASDAQ
GTBP,NASDAQ
GTEC,NASDAQ
GTI,NASDAQ
GTIM,NASDAQ
GTLB,NASDAQ
GTX,NASDAQ
GURE,NASDAQ
GUTS,NASDAQ
GV,NASDAQ
GVH,NASDAQ
GWAV,NASDAQ
GWRS,NASDAQ
GXAI,NASDAQ
GYRE,NASDAQ
GYRO,NASDAQ
HAFC,NASDAQ
HAIN,NASDAQ
HALO,NASDAQ
HAO,NASDAQ
HAS,NASDAQ
HBAN,NASDAQ
HBANL,NASDAQ
HBANM,NASDAQ
HBANP,NASDAQ
HBCP,NASDAQ
HBIO,NASDAQ
HBNC,NASDAQ
HBT,NASDAQ
HCAI,NASDAQ
HCAT,NASDAQ
HCKT,NASDAQ
HCM,NASDAQ
HCP,NASDAQ
HCSG,NASDAQ
HCTI,NASDAQ
HCVI,NASDAQ
HCVIU,NASDAQ
HCVIW,NASDAQ
HCWB,NASDAQ
HDL,NASDAQ
HDSN,NASDAQ
HEES,NASDAQ
HELE,NASDAQ
HEPA,NASDAQ
HEPS,NASDAQ
HFBL,NASDAQ
HFFG,NASDAQ
HFWA,NASDAQ
HGBL,NASDAQ
HHS,NASDAQ
HIFS,NASDAQ
HIHO,NASDAQ
HIMX,NASDAQ
HIT,NASDAQ
HITI,NASDAQ
HIVE,NASDAQ
HKIT,NASDAQ
HKPD,NASDAQ
HLIT,NASDAQ
HLMN,NASDAQ
HLNE,NASDAQ
HLP,NASDAQ
HLVX,NASDAQ
HLXB,NASDAQ
HMR,NASDAQ
HMST,NASDAQ
HNNA,NASDAQ
HNNAZ,NASDAQ
HNRG,NASDAQ
HNST,NASDAQ
HNVR,NASDAQ
HOFT,NASDAQ
HOFV,NASDAQ
HOFVW,NASDAQ
HOLO,NASDAQ
HOLOW,NASDAQ
HOLX,NASDAQ
HON,NASDAQ
HOND,NASDAQ
HONDU,NASDAQ
HONDW,NASDAQ
HONE,NASDAQ
HOOD,NASDAQ
HOOK,NASDAQ
HOPE,NASDAQ
HOTH,NASDAQ
HOUR,NASDAQ
HOVNP,NASDAQ
HOVR,NASDAQ
HOVRW,NASDAQ
HOWL,NASDAQ
HPAI,NASDAQ
HPAIW,NASDAQ
HPH,NASDAQ
HPK,NASDAQ
HPKEW,NASDAQ
HQI,NASDAQ
HQY,NASDAQ
HRMY,NASDAQ
HROW,NASDAQ
HROWL,NASDAQ
HROWM,NASDAQ
HRTX,NASDAQ
HRZN,NASDAQ
HSAI,NASDAQ
HSCS,NASDAQ
HSDT,NASDAQ
HSIC,NASDAQ
HSII,NASDAQ
HSON,NASDAQ
HSPO,NASDAQ
HSPOR,NASDAQ
HSPOW,NASDAQ
HSPT,NASDAQ
HSPTR,NASDAQ
HST,NASDAQ
HSTM,NASDAQ
HTBI,NASDAQ
HTBK,NASDAQ
HTCO,NASDAQ
HTCR,NASDAQ
HTHT,NASDAQ
HTLD,NASDAQ
HTLM,NASDAQ
HTOO,NASDAQ
HTOOW,NASDAQ
HTZ,NASDAQ
HTZWW,NASDAQ
HUBC,NASDAQ
HUBCW,NASDAQ
HUBCZ,NASDAQ
HUBG,NASDAQ
HUDI,NASDAQ
HUHU,NASDAQ
HUIZ,NASDAQ
HUMA,NASDAQ
HUMAW,NASDAQ
HURA,NASDAQ
HURC,NASDAQ
HURN,NASDAQ
HUT,NASDAQ
HVII,NASDAQ
HVIIR,NASDAQ
HVIIU,NASDAQ
HWBK,NASDAQ
HWC,NASDAQ
HWCPZ,NASDAQ
HWH,NASDAQ
HWKN,NASDAQ
HYFM,NASDAQ
HYMC,NASDAQ
HYMCL,NASDAQ
HYMCW,NASDAQ
HYPR,NASDAQ
IAC,NASDAQ
IART,NASDAQ
IAS,NASDAQ
IBAC,NASDAQ
IBACR,NASDAQ
IBCP,NASDAQ
IBEX,NASDAQ
IBG,NASDAQ
IBKR,NASDAQ
IBOC,NASDAQ
IBRX,NASDAQ
ICAD,NASDAQ
ICCC,NASDAQ
ICCH,NASDAQ
ICCM,NASDAQ
ICCT,NASDAQ
ICFI,NASDAQ
ICG,NASDAQ
ICHR,NASDAQ
ICLK,NASDAQ
ICLR,NASDAQ
ICMB,NASDAQ
ICON,NASDAQ
ICU,NASDAQ
ICUCW,NASDAQ
ICUI,NASDAQ
IDAI,NASDAQ
IDCC,NASDAQ
IDN,NASDAQ
IDXX,NASDAQ
IDYA,NASDAQ
IEP,NASDAQ
IESC,NASDAQ
IFBD,NASDAQ
IFRX,NASDAQ
IGIC,NASDAQ
IGMS,NASDAQ
IHRT,NASDAQ
III,NASDAQ
IIIV,NASDAQ
IINN,NASDAQ
IINNW,NASDAQ
IKNA,NASDAQ
IKT,NASDAQ
ILAG,NASDAQ
ILLR,NASDAQ
ILLRW,NASDAQ
ILMN,NASDAQ
ILPT,NASDAQ
IMAB,NASDAQ
IMCC,NASDAQ
IMCR,NASDAQ
IMG,NASDAQ
IMKTA,NASDAQ
IMMP,NASDAQ
IMMR,NASDAQ
IMMX,NASDAQ
IMNM,NASDAQ
IMNN,NASDAQ
IMOS,NASDAQ
IMPP,NASDAQ
IMPPP,NASDAQ
IMRN,NASDAQ
IMRX,NASDAQ
IMTE,NASDAQ
IMTX,NASDAQ
IMTXW,NASDAQ
IMUX,NASDAQ
IMVT,NASDAQ
IMXI,NASDAQ
INAB,NASDAQ
INBK,NASDAQ
INBKZ,NASDAQ
INBS,NASDAQ
INBX,NASDAQ
INCR,NASDAQ
INCY,NASDAQ
INDB,NASDAQ
INDI,NASDAQ
INDP,NASDAQ
INDV,NASDAQ
INFN,NASDAQ
INGN,NASDAQ
INHD,NASDAQ
INKT,NASDAQ
INLF,NASDAQ
INM,NASDAQ
INMB,NASDAQ
INMD,NASDAQ
INNV,NASDAQ
INO,NASDAQ
INOD,NASDAQ
INSE,NASDAQ
INSG,NASDAQ
INSM,NASDAQ
INTA,NASDAQ
INTC,NASDAQ
INTG,NASDAQ
INTJ,NASDAQ
INTR,NASDAQ
INTS,NASDAQ
INTU,NASDAQ
INTZ,NASDAQ
INV,NASDAQ
INVA,NASDAQ
INVE,NASDAQ
INVZ,NASDAQ
INVZW,NASDAQ
INZY,NASDAQ
IOBT,NASDAQ
IONR,NASDAQ
IONS,NASDAQ
IOSP,NASDAQ
IOVA,NASDAQ
IPA,NASDAQ
IPAR,NASDAQ
IPDN,NASDAQ
IPGP,NASDAQ
IPHA,NASDAQ
IPM,NASDAQ
IPSC,NASDAQ
IPW,NASDAQ
IPWR,NASDAQ
IPX,NASDAQ
IPXX,NASDAQ
IPXXW,NASDAQ
IQ,NASDAQ
IRBT,NASDAQ
IRD,NASDAQ
IRDM,NASDAQ
IREN,NASDAQ
IRIX,NASDAQ
IRMD,NASDAQ
IROH,NASDAQ
IROHR,NASDAQ
IROHW,NASDAQ
IRON,NASDAQ
IROQ,NASDAQ
IRTC,NASDAQ
IRWD,NASDAQ
ISPC,NASDAQ
ISPO,NASDAQ
ISPOW,NASDAQ
ISPR,NASDAQ
ISRG,NASDAQ
ISRL,NASDAQ
ISRLU,NASDAQ
ISRLW,NASDAQ
ISSC,NASDAQ
ISTR,NASDAQ
ITCI,NASDAQ
ITIC,NASDAQ
ITOS,NASDAQ
ITRI,NASDAQ
ITRM,NASDAQ
ITRN,NASDAQ
IVA,NASDAQ
IVAC,NASDAQ
IVCA,NASDAQ
IVDA,NASDAQ
IVDAW,NASDAQ
IVP,NASDAQ
IVVD,NASDAQ
IXHL,NASDAQ
IZEA,NASDAQ
IZM,NASDAQ
JACK,NASDAQ
JAGX,NASDAQ
JAKK,NASDAQ
JAMF,NASDAQ
JANX,NASDAQ
JAZZ,NASDAQ
JBDI,NASDAQ
JBHT,NASDAQ
JBLU,NASDAQ
JBSS,NASDAQ
JCSE,NASDAQ
JCTC,NASDAQ
JD,NASDAQ
JDZG,NASDAQ
JFBR,NASDAQ
JFBRW,NASDAQ
JFIN,NASDAQ
JFU,NASDAQ
JG,NASDAQ
JJSF,NASDAQ
JKHY,NASDAQ
JL,NASDAQ
JMSB,NASDAQ
JNVR,NASDAQ
JOUT,NASDAQ
JRSH,NASDAQ
JRVR,NASDAQ
JSM,NASDAQ
JSPR,NASDAQ
JSPRW,NASDAQ
JTAI,NASDAQ
JUNE,NASDAQ
JUNS,NASDAQ
JVA,NASDAQ
JVSA,NASDAQ
JWEL,NASDAQ
JXG,NASDAQ
JYD,NASDAQ
JYNT,NASDAQ
JZ,NASDAQ
JZXN,NASDAQ
KALA,NASDAQ
KALU,NASDAQ
KALV,NASDAQ
KARO,NASDAQ
KAVL,NASDAQ
KBSX,NASDAQ
KC,NASDAQ
KDLY,NASDAQ
KDLYW,NASDAQ
KDP,NASDAQ
KE,NASDAQ
KELYA,NASDAQ
KELYB,NASDAQ
KEQU,NASDAQ
KFFB,NASDAQ
KFIIU,NASDAQ
KGEI,NASDAQ
KHC,NASDAQ
KIDS,NASDAQ
KINS,NASDAQ
KIRK,NASDAQ
KITT,NASDAQ
KITTW,NASDAQ
KLAC,NASDAQ
KLIC,NASDAQ
KLTO,NASDAQ
KLTOW,NASDAQ
KLTR,NASDAQ
KLXE,NASDAQ
KMDA,NASDAQ
KNDI,NASDAQ
KNSA,NASDAQ
KOD,NASDAQ
KOPN,NASDAQ
KOSS,NASDAQ
KPLT,NASDAQ
KPLTW,NASDAQ
KPRX,NASDAQ
KPTI,NASDAQ
KRKR,NASDAQ
KRMD,NASDAQ
KRNT,NASDAQ
KRNY,NASDAQ
KRON,NASDAQ
KROS,NASDAQ
KRRO,NASDAQ
KRT,NASDAQ
KRUS,NASDAQ
KRYS,NASDAQ
KSCP,NASDAQ
KSPI,NASDAQ
KTCC,NASDAQ
KTOS,NASDAQ
KTTA,NASDAQ
KURA,NASDAQ
KVAC,NASDAQ
KVACW,NASDAQ
KVHI,NASDAQ
KWE,NASDAQ
KWESW,NASDAQ
KXIN,NASDAQ
KYMR,NASDAQ
KYTX,NASDAQ
KZIA,NASDAQ
KZR,NASDAQ
LAB,NASDAQ
LAES,NASDAQ
LAKE,NASDAQ
LAMR,NASDAQ
LANC,NASDAQ
LAND,NASDAQ
LANDM,NASDAQ
LANDO,NASDAQ
LANDP,NASDAQ
LARK,NASDAQ
LASE,NASDAQ
LASR,NASDAQ
LAUR,NASDAQ
LAZR,NASDAQ
LBGJ,NASDAQ
LBRDA,NASDAQ
LBRDK,NASDAQ
LBRDP,NASDAQ
LBTYA,NASDAQ
LBTYB,NASDAQ
LBTYK,NASDAQ
LCFY,NASDAQ
LCFYW,NASDAQ
LCID,NASDAQ
LCNB,NASDAQ
LCUT,NASDAQ
LDTC,NASDAQ
LDTCW,NASDAQ
LDWY,NASDAQ
LE,NASDAQ
LECO,NASDAQ
LEDS,NASDAQ
LEE,NASDAQ
LEGH,NASDAQ
LEGN,NASDAQ
LENZ,NASDAQ
LESL,NASDAQ
LEXX,NASDAQ
LEXXW,NASDAQ
LFCR,NASDAQ
LFMD,NASDAQ
LFMDP,NASDAQ
LFST,NASDAQ
LFUS,NASDAQ
LFVN,NASDAQ
LFWD,NASDAQ
LGCB,NASDAQ
LGCL,NASDAQ
LGHL,NASDAQ
LGHLW,NASDAQ
LGIH,NASDAQ
LGMK,NASDAQ
LGND,NASDAQ
LGO,NASDAQ
LGTY,NASDAQ
LGVN,NASDAQ
LI,NASDAQ
LICN,NASDAQ
LIDR,NASDAQ
LIDRW,NASDAQ
LIEN,NASDAQ
LIF,NASDAQ
LILA,NASDAQ
LILAK,NASDAQ
LIN,NASDAQ
LINC,NASDAQ
LIND,NASDAQ
LINE,NASDAQ
LINK,NASDAQ
LION,NASDAQ
LIPO,NASDAQ
LIQT,NASDAQ
LITE,NASDAQ
LITM,NASDAQ
LIVE,NASDAQ
LIVN,NASDAQ
LIXT,NASDAQ
LIXTW,NASDAQ
LKCO,NASDAQ
LKFN,NASDAQ
LKQ,NASDAQ
LLYVA,NASDAQ
LLYVK,NASDAQ
LMAT,NASDAQ
LMB,NASDAQ
LMFA,NASDAQ
LMNR,NASDAQ
LNKB,NASDAQ
LNKS,NASDAQ
LNSR,NASDAQ
LNT,NASDAQ
LNTH,NASDAQ
LNW,NASDAQ
LNZA,NASDAQ
LNZAW,NASDAQ
LOAN,NASDAQ
LOBO,NASDAQ
LOCO,NASDAQ
LOGC,NASDAQ
LOGI,NASDAQ
LOOP,NASDAQ
LOPE,NASDAQ
LOT,NASDAQ
LOTWW,NASDAQ
LOVE,NASDAQ
LPAA,NASDAQ
LPAAU,NASDAQ
LPAAW,NASDAQ
LPBB,NASDAQ
LPBBU,NASDAQ
LPBBW,NASDAQ
LPCN,NASDAQ
LPLA,NASDAQ
LPRO,NASDAQ
LPSN,NASDAQ
LPTH,NASDAQ
LPTX,NASDAQ
LQDA,NASDAQ
LQDT,NASDAQ
LRCX,NASDAQ
LRE,NASDAQ
LRFC,NASDAQ
LRHC,NASDAQ
LRMR,NASDAQ
LSAK,NASDAQ
LSB,NASDAQ
LSBK,NASDAQ
LSBPW,NASDAQ
LSCC,NASDAQ
LSE,NASDAQ
LSEA,NASDAQ
LSEAW,NASDAQ
LSH,NASDAQ
LSTA,NASDAQ
LSTR,NASDAQ
LTBR,NASDAQ
LTRN,NASDAQ
LTRX,NASDAQ
LTRY,NASDAQ
LTRYW,NASDAQ
LUCD,NASDAQ
LUCY,NASDAQ
LUCYW,NASDAQ
LULU,NASDAQ
LUNG,NASDAQ
LUNR,NASDAQ
LUNRW,NASDAQ
LVLU,NASDAQ
LVO,NASDAQ
LVRO,NASDAQ
LVROW,NASDAQ
LVTX,NASDAQ
LWAY,NASDAQ
LWLG,NASDAQ
LX,NASDAQ
LXEH,NASDAQ
LXEO,NASDAQ
LXRX,NASDAQ
LYEL,NASDAQ
LYFT,NASDAQ
LYRA,NASDAQ
LYT,NASDAQ
LYTS,NASDAQ
LZ,NASDAQ
MACI,NASDAQ
MACIW,NASDAQ
MAMA,NASDAQ
MAMO,NASDAQ
MANH,NASDAQ
MAPS,NASDAQ
MAPSW,NASDAQ
MAR,NASDAQ
MARA,NASDAQ
MARPS,NASDAQ
MASI,NASDAQ
MASK,NASDAQ
MASS,NASDAQ
MAT,NASDAQ
MATH,NASDAQ
MATW,NASDAQ
MAXN,NASDAQ
MAYAU,NASDAQ
MAYS,NASDAQ
MAZE,NASDAQ
MBAV,NASDAQ
MBAVU,NASDAQ
MBCN,NASDAQ
MBIN,NASDAQ
MBINL,NASDAQ
MBINM,NASDAQ
MBINN,NASDAQ
MBIO,NASDAQ
MBLY,NASDAQ
MBNKP,NASDAQ
MBOT,NASDAQ
MBRX,NASDAQ
MBUU,NASDAQ
MBWM,NASDAQ
MBX,NASDAQ
MCBS,NASDAQ
MCFT,NASDAQ
MCHP,NASDAQ
MCHX,NASDAQ
MCRB,NASDAQ
MCRI,NASDAQ
MCTR,NASDAQ
MCVT,NASDAQ
MCW,NASDAQ
MDAI,NASDAQ
MDAIW,NASDAQ
MDB,NASDAQ
MDBH,NASDAQ
MDCX,NASDAQ
MDCXW,NASDAQ
MDGL,NASDAQ
MDIA,NASDAQ
MDLZ,NASDAQ
MDRR,NASDAQ
MDWD,NASDAQ
MDXG,NASDAQ
MDXH,NASDAQ
ME,NASDAQ
MEDP,NASDAQ
MEGL,NASDAQ
MEIP,NASDAQ
MELI,NASDAQ
MEOH,NASDAQ
MERC,NASDAQ
MESA,NASDAQ
MESO,NASDAQ
META,NASDAQ
METC,NASDAQ
METCB,NASDAQ
METCL,NASDAQ
METCZ,NASDAQ
MFH,NASDAQ
MFI,NASDAQ
MFIC,NASDAQ
MFICL,NASDAQ
MFIN,NASDAQ
MGEE,NASDAQ
MGIC,NASDAQ
MGIH,NASDAQ
MGNI,NASDAQ
MGNX,NASDAQ
MGPI,NASDAQ
MGRC,NASDAQ
MGRM,NASDAQ
MGRX,NASDAQ
MGTX,NASDAQ
MGX,NASDAQ
MGYR,NASDAQ
MHLD,NASDAQ
MHUA,NASDAQ
MIDD,NASDAQ
MIGI,NASDAQ
MIMI,NASDAQ
MIND,NASDAQ
MIRA,NASDAQ
MIRM,NASDAQ
MIST,NASDAQ
MITK,NASDAQ
MKDW,NASDAQ
MKDWW,NASDAQ
MKSI,NASDAQ
MKTW,NASDAQ
MKTX,NASDAQ
MKZR,NASDAQ
MLAB,NASDAQ
MLAC,NASDAQ
MLACR,NASDAQ
MLACU,NASDAQ
MLCO,NASDAQ
MLEC,NASDAQ
MLECW,NASDAQ
MLGO,NASDAQ
MLKN,NASDAQ
MLTX,NASDAQ
MLYS,NASDAQ
MMLP,NASDAQ
MMSI,NASDAQ
MMYT,NASDAQ
MNDO,NASDAQ
MNDR,NASDAQ
MNDY,NASDAQ
MNKD,NASDAQ
MNMD,NASDAQ
MNOV,NASDAQ
MNPR,NASDAQ
MNRO,NASDAQ
MNSB,NASDAQ
MNSBP,NASDAQ
MNST,NASDAQ
MNTK,NASDAQ
MNTS,NASDAQ
MNTSW,NASDAQ
MNY,NASDAQ
MNYWW,NASDAQ
MOB,NASDAQ
MOBBW,NASDAQ
MOBX,NASDAQ
MOBXW,NASDAQ
MODD,NASDAQ
MODV,NASDAQ
MOFG,NASDAQ
MOGO,NASDAQ
MOLN,NASDAQ
MOMO,NASDAQ
MORN,NASDAQ
MOVE,NASDAQ
MPAA,NASDAQ
MPB,NASDAQ
MPWR,NASDAQ
MQ,NASDAQ
MRAM,NASDAQ
MRBK,NASDAQ
MRCC,NASDAQ
MRCY,NASDAQ
MREO,NASDAQ
MRIN,NASDAQ
MRKR,NASDAQ
MRM,NASDAQ
MRNA,NASDAQ
MRNO,NASDAQ
MRNOW,NASDAQ
MRSN,NASDAQ
MRTN,NASDAQ
MRUS,NASDAQ
MRVI,NASDAQ
MRVL,NASDAQ
MRX,NASDAQ
MSAI,NASDAQ
MSAIW,NASDAQ
MSBI,NASDAQ
MSBIP,NASDAQ
MSEX,NASDAQ
MSFT,NASDAQ
MSGM,NASDAQ
MSPR,NASDAQ
MSPRW,NASDAQ
MSS,NASDAQ
MSSA,NASDAQ
MSSAR,NASDAQ
MSSAU,NASDAQ
MSSAW,NASDAQ
MSTR,NASDAQ
MSW,NASDAQ
MTC,NASDAQ
MTCH,NASDAQ
MTEK,NASDAQ
MTEKW,NASDAQ
MTEN,NASDAQ
MTEX,NASDAQ
MTLS,NASDAQ
MTRX,NASDAQ
MTSI,NASDAQ
MTSR,NASDAQ
MTTR,NASDAQ
MTVA,NASDAQ
MU,NASDAQ
MULN,NASDAQ
MURA,NASDAQ
MVBF,NASDAQ
MVIS,NASDAQ
MVST,NASDAQ
MVSTW,NASDAQ
MXCT,NASDAQ
MXL,NASDAQ
MYFW,NASDAQ
MYGN,NASDAQ
MYNZ,NASDAQ
MYPS,NASDAQ
MYPSW,NASDAQ
MYRG,NASDAQ
MYSZ,NASDAQ
,NASDAQ
NAAS,NASDAQ
NAII,NASDAQ
NAMI,NASDAQ
NAMS,NASDAQ
NAMSW,NASDAQ
NAOV,NASDAQ
NATH,NASDAQ
NATR,NASDAQ
NAUT,NASDAQ
NAVI,NASDAQ
NAYA,NASDAQ
NB,NASDAQ
NBBK,NASDAQ
NBIS,NASDAQ
NBIX,NASDAQ
NBN,NASDAQ
NBTB,NASDAQ
NBTX,NASDAQ
NCEW,NASDAQ
NCI,NASDAQ
NCIQ,NASDAQ
NCMI,NASDAQ
NCNA,NASDAQ
NCNO,NASDAQ
NCPL,NASDAQ
NCPLW,NASDAQ
NCRA,NASDAQ
NCSM,NASDAQ
NCTY,NASDAQ
NDAQ,NASDAQ
NDLS,NASDAQ
NDRA,NASDAQ
NDSN,NASDAQ
NECB,NASDAQ
NEGG,NASDAQ
NEHC,NASDAQ
NEHCW,NASDAQ
NEO,NASDAQ
NEOG,NASDAQ
NEON,NASDAQ
NEOV,NASDAQ
NEOVW,NASDAQ
NEPH,NASDAQ
NERV,NASDAQ
NESR,NASDAQ
NESRW,NASDAQ
NETD,NASDAQ
NETDU,NASDAQ
NETDW,NASDAQ
NEUP,NASDAQ
NEWT,NASDAQ
NEWTG,NASDAQ
NEWTH,NASDAQ
NEWTI,NASDAQ
NEWTZ,NASDAQ
NEXN,NASDAQ
NEXT,NASDAQ
NFBK,NASDAQ
NFE,NASDAQ
NFLX,NASDAQ
NGNE,NASDAQ
NHPAP,NASDAQ
NHPBP,NASDAQ
NHTC,NASDAQ
NICE,NASDAQ
NIOBW,NASDAQ
NIPG,NASDAQ
NISN,NASDAQ
NITO,NASDAQ
NIU,NASDAQ
NIVF,NASDAQ
NIVFW,NASDAQ
NIXX,NASDAQ
NIXXW,NASDAQ
NKGN,NASDAQ
NKGNW,NASDAQ
NKLA,NASDAQ
NKSH,NASDAQ
NKTR,NASDAQ
NKTX,NASDAQ
NLSP,NASDAQ
NLSPW,NASDAQ
NMFC,NASDAQ
NMFCZ,NASDAQ
NMIH,NASDAQ
NMRA,NASDAQ
NMRK,NASDAQ
NMTC,NASDAQ
NN,NASDAQ
NNAVW,NASDAQ
NNBR,NASDAQ
NNDM,NASDAQ
NNE,NASDAQ
NNNN,NASDAQ
NNOX,NASDAQ
NODK,NASDAQ
NOEM,NASDAQ
NOEMR,NASDAQ
NOEMU,NASDAQ
NOEMW,NASDAQ
NOTV,NASDAQ
NOVT,NASDAQ
NPCE,NASDAQ
NRC,NASDAQ
NRDS,NASDAQ
NRIM,NASDAQ
NRIX,NASDAQ
NRSN,NASDAQ
NRSNW,NASDAQ
NRXP,NASDAQ
NRXPW,NASDAQ
NSIT,NASDAQ
NSPR,NASDAQ
NSSC,NASDAQ
NSTS,NASDAQ
NSYS,NASDAQ
NTAP,NASDAQ
NTCL,NASDAQ
NTCT,NASDAQ
NTES,NASDAQ
NTGR,NASDAQ
NTIC,NASDAQ
NTLA,NASDAQ
NTNX,NASDAQ
NTRA,NASDAQ
NTRB,NASDAQ
NTRBW,NASDAQ
NTRP,NASDAQ
NTRS,NASDAQ
NTRSO,NASDAQ
NTWK,NASDAQ
NTWO,NASDAQ
NTWOU,NASDAQ
NTWOW,NASDAQ
NUKK,NASDAQ
NUKKW,NASDAQ
NURO,NASDAQ
NUTX,NASDAQ
NUVL,NASDAQ
NUWE,NASDAQ
NVA,NASDAQ
NVAWW,NASDAQ
NVAX,NASDAQ
NVCR,NASDAQ
NVCT,NASDAQ
NVDA,NASDAQ
NVEC,NASDAQ
NVEE,NASDAQ
NVFY,NASDAQ
NVMI,NASDAQ
NVNI,NASDAQ
NVNIW,NASDAQ
NVNO,NASDAQ
NVTS,NASDAQ
NVVE,NASDAQ
NVVEW,NASDAQ
NVX,NASDAQ
NWBI,NASDAQ
NWE,NASDAQ
NWFL,NASDAQ
NWGL,NASDAQ
NWL,NASDAQ
NWPX,NASDAQ
NWS,NASDAQ
NWSA,NASDAQ
NWTN,NASDAQ
NWTNW,NASDAQ
NXGL,NASDAQ
NXGLW,NASDAQ
NXL,NASDAQ
NXLIW,NASDAQ
NXPI,NASDAQ
NXPL,NASDAQ
NXPLW,NASDAQ
NXST,NASDAQ
NXT,NASDAQ
NXTC,NASDAQ
NXTT,NASDAQ
NXU,NASDAQ
NXXT,NASDAQ
NYAX,NASDAQ
NYMT,NASDAQ
NYMTG,NASDAQ
NYMTI,NASDAQ
NYMTL,NASDAQ
NYMTM,NASDAQ
NYMTN,NASDAQ
NYMTZ,NASDAQ
NYXH,NASDAQ
OABI,NASDAQ
OABIW,NASDAQ
OACC,NASDAQ
OACCU,NASDAQ
OACCW,NASDAQ
OAKU,NASDAQ
OAKUR,NASDAQ
OAKUW,NASDAQ
OB,NASDAQ
OBIO,NASDAQ
OBLG,NASDAQ
OBT,NASDAQ
OCC,NASDAQ
OCCI,NASDAQ
OCCIM,NASDAQ
OCCIN,NASDAQ
OCCIO,NASDAQ
OCEA,NASDAQ
OCEAW,NASDAQ
OCFC,NASDAQ
OCFCP,NASDAQ
OCG,NASDAQ
OCGN,NASDAQ
OCS,NASDAQ
OCSAW,NASDAQ
OCSL,NASDAQ
OCTO,NASDAQ
OCUL,NASDAQ
OCX,NASDAQ
ODD,NASDAQ
ODFL,NASDAQ
ODP,NASDAQ
ODVWZ,NASDAQ
ODYS,NASDAQ
OESX,NASDAQ
OFIX,NASDAQ
OFLX,NASDAQ
OFS,NASDAQ
OFSSH,NASDAQ
OGI,NASDAQ
OKTA,NASDAQ
OKUR,NASDAQ
OKYO,NASDAQ
OLB,NASDAQ
OLED,NASDAQ
OLLI,NASDAQ
OLMA,NASDAQ
OLPX,NASDAQ
OM,NASDAQ
OMAB,NASDAQ
OMCC,NASDAQ
OMCL,NASDAQ
OMER,NASDAQ
OMEX,NASDAQ
OMGA,NASDAQ
OMH,NASDAQ
OMIC,NASDAQ
ON,NASDAQ
ONB,NASDAQ
ONBPO,NASDAQ
ONBPP,NASDAQ
ONC,NASDAQ
ONCO,NASDAQ
ONCY,NASDAQ
ONDS,NASDAQ
ONEG,NASDAQ
ONEW,NASDAQ
ONFO,NASDAQ
ONFOW,NASDAQ
ONMD,NASDAQ
ONMDW,NASDAQ
ONVO,NASDAQ
OP,NASDAQ
OPAL,NASDAQ
OPBK,NASDAQ
OPCH,NASDAQ
OPEN,NASDAQ
OPI,NASDAQ
OPINL,NASDAQ
OPK,NASDAQ
OPOF,NASDAQ
OPRA,NASDAQ
OPRT,NASDAQ
OPRX,NASDAQ
OPT,NASDAQ
OPTN,NASDAQ
OPTX,NASDAQ
OPTXW,NASDAQ
OPXS,NASDAQ
ORGN,NASDAQ
ORGNW,NASDAQ
ORGO,NASDAQ
ORIC,NASDAQ
ORIS,NASDAQ
ORKA,NASDAQ
ORKT,NASDAQ
ORLY,NASDAQ
ORMP,NASDAQ
ORRF,NASDAQ
OS,NASDAQ
OSBC,NASDAQ
OSIS,NASDAQ
OSPN,NASDAQ
OSRH,NASDAQ
OSRHW,NASDAQ
OSS,NASDAQ
OST,NASDAQ
OSUR,NASDAQ
OSW,NASDAQ
OTEX,NASDAQ
OTLK,NASDAQ
OTLY,NASDAQ
OTRK,NASDAQ
OTTR,NASDAQ
OUST,NASDAQ
OUSTW,NASDAQ
OUSTZ,NASDAQ
OVBC,NASDAQ
OVID,NASDAQ
OVLY,NASDAQ
OXBR,NASDAQ
OXBRW,NASDAQ
OXLC,NASDAQ
OXLCI,NASDAQ
OXLCL,NASDAQ
OXLCN,NASDAQ
OXLCO,NASDAQ
OXLCP,NASDAQ
OXLCZ,NASDAQ
OXSQ,NASDAQ
OXSQG,NASDAQ
OXSQZ,NASDAQ
OZK,NASDAQ
OZKAP,NASDAQ
PAA,NASDAQ
PACB,NASDAQ
PAGP,NASDAQ
PAHC,NASDAQ
PAL,NASDAQ
PALI,NASDAQ
PAMT,NASDAQ
PANL,NASDAQ
PANW,NASDAQ
PARA,NASDAQ
PARAA,NASDAQ
PASG,NASDAQ
PATK,NASDAQ
PAVM,NASDAQ
PAVMZ,NASDAQ
PAVS,NASDAQ
PAX,NASDAQ
PAYO,NASDAQ
PAYS,NASDAQ
PAYX,NASDAQ
PBBK,NASDAQ
PBFS,NASDAQ
PBHC,NASDAQ
PBM,NASDAQ
PBMWW,NASDAQ
PBPB,NASDAQ
PBYI,NASDAQ
PC,NASDAQ
PCAR,NASDAQ
PCB,NASDAQ
PCH,NASDAQ
PCLA,NASDAQ
PCRX,NASDAQ
PCSA,NASDAQ
PCSC,NASDAQ
PCT,NASDAQ
PCTTU,NASDAQ
PCTTW,NASDAQ
PCTY,NASDAQ
PCVX,NASDAQ
PCYO,NASDAQ
PDCO,NASDAQ
PDD,NASDAQ
PDEX,NASDAQ
PDFS,NASDAQ
PDLB,NASDAQ
PDSB,NASDAQ
PDYN,NASDAQ
PDYNW,NASDAQ
PEBK,NASDAQ
PEBO,NASDAQ
PECO,NASDAQ
PEGA,NASDAQ
PENG,NASDAQ
PENN,NASDAQ
PEP,NASDAQ
PEPG,NASDAQ
PERI,NASDAQ
PESI,NASDAQ
PET,NASDAQ
PETS,NASDAQ
PETWW,NASDAQ
PETZ,NASDAQ
PEV,NASDAQ
PFBC,NASDAQ
PFC,NASDAQ
PFG,NASDAQ
PFIS,NASDAQ
PFX,NASDAQ
PFXNZ,NASDAQ
PGC,NASDAQ
PGEN,NASDAQ
PGHL,NASDAQ
PGNY,NASDAQ
PGY,NASDAQ
PGYWW,NASDAQ
PHAR,NASDAQ
PHAT,NASDAQ
PHH,NASDAQ
PHIO,NASDAQ
PHLT,NASDAQ
PHUN,NASDAQ
PHVS,NASDAQ
PI,NASDAQ
PIII,NASDAQ
PIIIW,NASDAQ
PINC,NASDAQ
PITA,NASDAQ
PITAW,NASDAQ
PKBK,NASDAQ
PKOH,NASDAQ
PLAB,NASDAQ
PLAO,NASDAQ
PLAY,NASDAQ
PLBC,NASDAQ
PLBY,NASDAQ
PLCE,NASDAQ
PLL,NASDAQ
PLMK,NASDAQ
PLMKU,NASDAQ
PLMKW,NASDAQ
PLMR,NASDAQ
PLPC,NASDAQ
PLRX,NASDAQ
PLRZ,NASDAQ
PLSE,NASDAQ
PLTK,NASDAQ
PLTR,NASDAQ
PLUG,NASDAQ
PLUR,NASDAQ
PLUS,NASDAQ
PLUT,NASDAQ
PLXS,NASDAQ
PLYA,NASDAQ
PMAX,NASDAQ
PMCB,NASDAQ
PMEC,NASDAQ
PMN,NASDAQ
PMTS,NASDAQ
PMVP,NASDAQ
PNBK,NASDAQ
PNFP,NASDAQ
PNFPP,NASDAQ
PNRG,NASDAQ
PNTG,NASDAQ
POAI,NASDAQ
POCI,NASDAQ
PODC,NASDAQ
PODD,NASDAQ
POET,NASDAQ
POLA,NASDAQ
POLE,NASDAQ
POLEU,NASDAQ
POLEW,NASDAQ
PONY,NASDAQ
POOL,NASDAQ
POWI,NASDAQ
POWL,NASDAQ
POWW,NASDAQ
POWWP,NASDAQ
PPBI,NASDAQ
PPBT,NASDAQ
PPC,NASDAQ
PPIH,NASDAQ
PPSI,NASDAQ
PPTA,NASDAQ
PRAA,NASDAQ
PRAX,NASDAQ
PRCH,NASDAQ
PRCT,NASDAQ
PRDO,NASDAQ
PRE,NASDAQ
PRENW,NASDAQ
PRFX,NASDAQ
PRGS,NASDAQ
PRLD,NASDAQ
PRME,NASDAQ
PROF,NASDAQ
PROK,NASDAQ
PROP,NASDAQ
PROV,NASDAQ
PRPH,NASDAQ
PRPL,NASDAQ
PRPO,NASDAQ
PRQR,NASDAQ
PRSO,NASDAQ
PRTA,NASDAQ
PRTC,NASDAQ
PRTG,NASDAQ
PRTH,NASDAQ
PRTS,NASDAQ
PRVA,NASDAQ
PRZO,NASDAQ
PSEC,NASDAQ
PSHG,NASDAQ
PSIG,NASDAQ
PSIX,NASDAQ
PSMT,NASDAQ
PSNL,NASDAQ
PSNY,NASDAQ
PSNYW,NASDAQ
PSTV,NASDAQ
PT,NASDAQ
PTC,NASDAQ
PTCT,NASDAQ
PTEN,NASDAQ
PTGX,NASDAQ
PTHL,NASDAQ
PTIX,NASDAQ
PTIXW,NASDAQ
PTLE,NASDAQ
PTLO,NASDAQ
PTMN,NASDAQ
PTON,NASDAQ
PTPI,NASDAQ
PTVE,NASDAQ
PUBM,NASDAQ
PULM,NASDAQ
PVBC,NASDAQ
PVLA,NASDAQ
PWM,NASDAQ
PWOD,NASDAQ
PWP,NASDAQ
PXLW,NASDAQ
PXS,NASDAQ
PXSAW,NASDAQ
PYCR,NASDAQ
PYPD,NASDAQ
PYPL,NASDAQ
PYXS,NASDAQ
PZZA,NASDAQ
QCOM,NASDAQ
QCRH,NASDAQ
QDEL,NASDAQ
QETA,NASDAQ
QETAR,NASDAQ
QFIN,NASDAQ
QH,NASDAQ
QIPT,NASDAQ
QLGN,NASDAQ
QLYS,NASDAQ
QMCO,NASDAQ
QMMM,NASDAQ
QNCX,NASDAQ
QNRX,NASDAQ
QNST,NASDAQ
QNTM,NASDAQ
QQQX,NASDAQ
QRHC,NASDAQ
QRTEA,NASDAQ
QRTEB,NASDAQ
QRTEP,NASDAQ
QRVO,NASDAQ
QSG,NASDAQ
QSI,NASDAQ
QSIAW,NASDAQ
QTRX,NASDAQ
QTTB,NASDAQ
QUBT,NASDAQ
QUIK,NASDAQ
QURE,NASDAQ
RADX,NASDAQ
RAIL,NASDAQ
RAIN,NASDAQ
RAINW,NASDAQ
RAND,NASDAQ
RANG,NASDAQ
RANGR,NASDAQ
RANGU,NASDAQ
RANI,NASDAQ
RAPP,NASDAQ
RAPT,NASDAQ
RARE,NASDAQ
RAVE,NASDAQ
RAY,NASDAQ
RAYA,NASDAQ
RBB,NASDAQ
RBBN,NASDAQ
RBCAA,NASDAQ
RBKB,NASDAQ
RCAT,NASDAQ
RCEL,NASDAQ
RCKT,NASDAQ
RCKTW,NASDAQ
RCKY,NASDAQ
RCMT,NASDAQ
RCON,NASDAQ
RDAC,NASDAQ
RDACR,NASDAQ
RDACU,NASDAQ
RDCM,NASDAQ
RDFN,NASDAQ
RDHL,NASDAQ
RDI,NASDAQ
RDIB,NASDAQ
RDNT,NASDAQ
RDUS,NASDAQ
RDVT,NASDAQ
RDWR,NASDAQ
RDZN,NASDAQ
RDZNW,NASDAQ
REAL,NASDAQ
REAX,NASDAQ
REBN,NASDAQ
RECT,NASDAQ
REE,NASDAQ
REFI,NASDAQ
REFR,NASDAQ
REG,NASDAQ
REGCO,NASDAQ
REGCP,NASDAQ
REGN,NASDAQ
REKR,NASDAQ
RELI,NASDAQ
RELIW,NASDAQ
RELL,NASDAQ
RELY,NASDAQ
RENB,NASDAQ
RENE,NASDAQ
RENEW,NASDAQ
RENT,NASDAQ
REPL,NASDAQ
RETO,NASDAQ
REVB,NASDAQ
REVBW,NASDAQ
REYN,NASDAQ
RFAI,NASDAQ
RFAIR,NASDAQ
RFIL,NASDAQ
RGC,NASDAQ
RGCO,NASDAQ
RGEN,NASDAQ
RGLD,NASDAQ
RGLS,NASDAQ
RGNX,NASDAQ
RGP,NASDAQ
RGS,NASDAQ
RGTI,NASDAQ
RGTIW,NASDAQ
RHLDV,NASDAQ
RIBBU,NASDAQ
RICK,NASDAQ
RIGL,NASDAQ
RILY,NASDAQ
RILYG,NASDAQ
RILYK,NASDAQ
RILYL,NASDAQ
RILYM,NASDAQ
RILYN,NASDAQ
RILYP,NASDAQ
RILYT,NASDAQ
RILYZ,NASDAQ
RIME,NASDAQ
RIOT,NASDAQ
RITR,NASDAQ
RIVN,NASDAQ
RKDA,NASDAQ
RKLB,NASDAQ
RLAY,NASDAQ
RLMD,NASDAQ
RLYB,NASDAQ
RMBI,NASDAQ
RMBL,NASDAQ
RMBS,NASDAQ
RMCF,NASDAQ
RMCO,NASDAQ
RMCOW,NASDAQ
RMNI,NASDAQ
RMR,NASDAQ
RMSG,NASDAQ
RMSGW,NASDAQ
RMTI,NASDAQ
RNA,NASDAQ
RNAC,NASDAQ
RNAZ,NASDAQ
RNTX,NASDAQ
RNW,NASDAQ
RNWWW,NASDAQ
RNXT,NASDAQ
ROAD,NASDAQ
ROCK,NASDAQ
ROIV,NASDAQ
ROKU,NASDAQ
ROMA,NASDAQ
ROOT,NASDAQ
ROP,NASDAQ
ROST,NASDAQ
RPAY,NASDAQ
RPD,NASDAQ
RPID,NASDAQ
RPRX,NASDAQ
RPTX,NASDAQ
RR,NASDAQ
RRBI,NASDAQ
RRGB,NASDAQ
RRR,NASDAQ
RSLS,NASDAQ
RSSS,NASDAQ
RSVR,NASDAQ
RSVRW,NASDAQ
RTC,NASDAQ
RUM,NASDAQ
RUMBW,NASDAQ
RUN,NASDAQ
RUSHA,NASDAQ
RUSHB,NASDAQ
RVMD,NASDAQ
RVMDW,NASDAQ
RVPH,NASDAQ
RVPHW,NASDAQ
RVSB,NASDAQ
RVSN,NASDAQ
RVSNW,NASDAQ
RVYL,NASDAQ
RWAY,NASDAQ
RWAYL,NASDAQ
RWAYZ,NASDAQ
RXRX,NASDAQ
RXST,NASDAQ
RXT,NASDAQ
RYAAY,NASDAQ
RYTM,NASDAQ
RZLT,NASDAQ
RZLV,NASDAQ
RZLVW,NASDAQ
SABR,NASDAQ
SABS,NASDAQ
SABSW,NASDAQ
SAFT,NASDAQ
SAG,NASDAQ
SAGE,NASDAQ
SAIA,NASDAQ
SAIC,NASDAQ
SAIH,NASDAQ
SAIL,NASDAQ
SAMG,NASDAQ
SANA,NASDAQ
SANG,NASDAQ
SANM,NASDAQ
SANW,NASDAQ
SASR,NASDAQ
SATL,NASDAQ
SATLW,NASDAQ
SATS,NASDAQ
SAVA,NASDAQ
SBAC,NASDAQ
SBC,NASDAQ
SBCF,NASDAQ
SBCWW,NASDAQ
SBET,NASDAQ
SBFG,NASDAQ
SBFM,NASDAQ
SBFMW,NASDAQ
SBGI,NASDAQ
SBLK,NASDAQ
SBRA,NASDAQ
SBT,NASDAQ
SBUX,NASDAQ
SCHL,NASDAQ
SCKT,NASDAQ
SCLX,NASDAQ
SCLXW,NASDAQ
SCNI,NASDAQ
SCNX,NASDAQ
SCOR,NASDAQ
SCPH,NASDAQ
SCSC,NASDAQ
SCVL,NASDAQ
SCWO,NASDAQ
SCYX,NASDAQ
SDA,NASDAQ
SDAWW,NASDAQ
SDGR,NASDAQ
SDIG,NASDAQ
SDOT,NASDAQ
SDST,NASDAQ
SDSTW,NASDAQ
SEAT,NASDAQ
SEATW,NASDAQ
SEDG,NASDAQ
SEED,NASDAQ
SEER,NASDAQ
SEIC,NASDAQ
SELF,NASDAQ
SELX,NASDAQ
SENEA,NASDAQ
SENEB,NASDAQ
SEPN,NASDAQ
SERA,NASDAQ
SERV,NASDAQ
SEVN,NASDAQ
SEZL,NASDAQ
SFBC,NASDAQ
SFD,NASDAQ
SFHG,NASDAQ
SFIX,NASDAQ
SFM,NASDAQ
SFNC,NASDAQ
SFST,NASDAQ
SFWL,NASDAQ
SGA,NASDAQ
SGBX,NASDAQ
SGC,NASDAQ
SGD,NASDAQ
SGHT,NASDAQ
SGLY,NASDAQ
SGMA,NASDAQ
SGML,NASDAQ
SGMO,NASDAQ
SGMT,NASDAQ
SGRP,NASDAQ
SGRY,NASDAQ
SHBI,NASDAQ
SHC,NASDAQ
SHEN,NASDAQ
SHFS,NASDAQ
SHFSW,NASDAQ
SHIM,NASDAQ
SHIP,NASDAQ
SHLS,NASDAQ
SHLT,NASDAQ
SHMD,NASDAQ
SHMDW,NASDAQ
SHOO,NASDAQ
SHOT,NASDAQ
SHOTW,NASDAQ
SHPH,NASDAQ
SHYF,NASDAQ
SIBN,NASDAQ
SIDU,NASDAQ
SIEB,NASDAQ
SIFY,NASDAQ
SIGA,NASDAQ
SIGI,NASDAQ
SIGIP,NASDAQ
SILC,NASDAQ
SILO,NASDAQ
SIMA,NASDAQ
SIMAU,NASDAQ
SIMAW,NASDAQ
SIMO,NASDAQ
SINT,NASDAQ
SION,NASDAQ
SIRI,NASDAQ
SISI,NASDAQ
SITM,NASDAQ
SJ,NASDAQ
SJW,NASDAQ
SKBL,NASDAQ
SKGR,NASDAQ
SKGRW,NASDAQ
SKIN,NASDAQ
SKK,NASDAQ
SKWD,NASDAQ
SKYE,NASDAQ
SKYQ,NASDAQ
SKYT,NASDAQ
SKYW,NASDAQ
SKYX,NASDAQ
SLAB,NASDAQ
SLDB,NASDAQ
SLDP,NASDAQ
SLDPW,NASDAQ
SLE,NASDAQ
SLGL,NASDAQ
SLM,NASDAQ
SLMBP,NASDAQ
SLN,NASDAQ
SLNG,NASDAQ
SLNH,NASDAQ
SLNHP,NASDAQ
SLNO,NASDAQ
SLP,NASDAQ
SLRC,NASDAQ
SLRN,NASDAQ
SLRX,NASDAQ
SLS,NASDAQ
SLXN,NASDAQ
SLXNW,NASDAQ
SMBC,NASDAQ
SMCI,NASDAQ
SMID,NASDAQ
SMLR,NASDAQ
SMMT,NASDAQ
SMSI,NASDAQ
SMTC,NASDAQ
SMTI,NASDAQ
SMTK,NASDAQ
SMX,NASDAQ
SMXT,NASDAQ
SMXWW,NASDAQ
SNAL,NASDAQ
SNBR,NASDAQ
SNCR,NASDAQ
SNCRL,NASDAQ
SNCY,NASDAQ
SND,NASDAQ
SNDKV,NASDAQ
SNDL,NASDAQ
SNDX,NASDAQ
SNES,NASDAQ
SNEX,NASDAQ
SNFCA,NASDAQ
SNGX,NASDAQ
SNOA,NASDAQ
SNPS,NASDAQ
SNPX,NASDAQ
SNRE,NASDAQ
SNSE,NASDAQ
SNT,NASDAQ
SNTG,NASDAQ
SNTI,NASDAQ
SNY,NASDAQ
SNYR,NASDAQ
SOBR,NASDAQ
SOFI,NASDAQ
SOGP,NASDAQ
SOHO,NASDAQ
SOHOB,NASDAQ
SOHON,NASDAQ
SOHOO,NASDAQ
SOHU,NASDAQ
SOND,NASDAQ
SONDW,NASDAQ
SONM,NASDAQ
SONN,NASDAQ
SONO,NASDAQ
SOPA,NASDAQ
SOPH,NASDAQ
SOTK,NASDAQ
SOUN,NASDAQ
SOUNW,NASDAQ
SOWG,NASDAQ
SPAI,NASDAQ
SPCB,NASDAQ
SPFI,NASDAQ
SPGC,NASDAQ
SPHA,NASDAQ
SPHAR,NASDAQ
SPHL,NASDAQ
SPKL,NASDAQ
SPKLW,NASDAQ
SPNS,NASDAQ
SPOK,NASDAQ
SPPL,NASDAQ
SPRB,NASDAQ
SPRC,NASDAQ
SPRO,NASDAQ
SPRY,NASDAQ
SPSC,NASDAQ
SPT,NASDAQ
SPTN,NASDAQ
SPWH,NASDAQ
SQFT,NASDAQ
SQFTP,NASDAQ
SQFTW,NASDAQ
SRAD,NASDAQ
SRBK,NASDAQ
SRCE,NASDAQ
SRDX,NASDAQ
SRM,NASDAQ
SRPT,NASDAQ
SRRK,NASDAQ
SRTS,NASDAQ
SRZN,NASDAQ
SRZNW,NASDAQ
SSBI,NASDAQ
SSBK,NASDAQ
SSKN,NASDAQ
SSNC,NASDAQ
SSP,NASDAQ
SSRM,NASDAQ
SSSS,NASDAQ
SSSSL,NASDAQ
SSTI,NASDAQ
SSYS,NASDAQ
STAA,NASDAQ
STAI,NASDAQ
STBA,NASDAQ
STBX,NASDAQ
STEC,NASDAQ
STEP,NASDAQ
STFS,NASDAQ
STGW,NASDAQ
STHO,NASDAQ
STI,NASDAQ
STIM,NASDAQ
STKH,NASDAQ
STKL,NASDAQ
STKS,NASDAQ
STLD,NASDAQ
STNE,NASDAQ
STOK,NASDAQ
STRA,NASDAQ
STRK,NASDAQ
STRL,NASDAQ
STRM,NASDAQ
STRO,NASDAQ
STRR,NASDAQ
STRRP,NASDAQ
STRS,NASDAQ
STRT,NASDAQ
STSS,NASDAQ
STSSW,NASDAQ
STTK,NASDAQ
STX,NASDAQ
SUGP,NASDAQ
SUNE,NASDAQ
SUNS,NASDAQ
SUPN,NASDAQ
SURG,NASDAQ
SUUN,NASDAQ
SVC,NASDAQ
SVCCU,NASDAQ
SVCO,NASDAQ
SVII,NASDAQ
SVIIR,NASDAQ
SVIIW,NASDAQ
SVRA,NASDAQ
SVRE,NASDAQ
SVREW,NASDAQ
SWAG,NASDAQ
SWAGW,NASDAQ
SWBI,NASDAQ
SWIM,NASDAQ
SWIN,NASDAQ
SWKH,NASDAQ
SWKHL,NASDAQ
SWKS,NASDAQ
SWTX,NASDAQ
SWVL,NASDAQ
SWVLW,NASDAQ
SXTC,NASDAQ
SXTP,NASDAQ
SXTPW,NASDAQ
SY,NASDAQ
SYBT,NASDAQ
SYBX,NASDAQ
SYM,NASDAQ
SYNA,NASDAQ
SYPR,NASDAQ
SYRA,NASDAQ
SYRE,NASDAQ
SYRS,NASDAQ
SYT,NASDAQ
SYTA,NASDAQ
SYTAW,NASDAQ
TACT,NASDAQ
TAIT,NASDAQ
TALK,NASDAQ
TALKW,NASDAQ
TANH,NASDAQ
TAOP,NASDAQ
TARA,NASDAQ
TARS,NASDAQ
TASK,NASDAQ
TATT,NASDAQ
TAVI,NASDAQ
TAVIR,NASDAQ
TAVIU,NASDAQ
TAYD,NASDAQ
TBBK,NASDAQ
TBCH,NASDAQ
TBLA,NASDAQ
TBLAW,NASDAQ
TBLD,NASDAQ
TBMC,NASDAQ
TBMCR,NASDAQ
TBNK,NASDAQ
TBPH,NASDAQ
TBRG,NASDAQ
TC,NASDAQ
TCBI,NASDAQ
TCBIO,NASDAQ
TCBK,NASDAQ
TCBP,NASDAQ
TCBPW,NASDAQ
TCBS,NASDAQ
TCBX,NASDAQ
TCMD,NASDAQ
TCOM,NASDAQ
TCPC,NASDAQ
TCRT,NASDAQ
TCRX,NASDAQ
TCTM,NASDAQ
TCX,NASDAQ
TDAC,NASDAQ
TDACU,NASDAQ
TDACW,NASDAQ
TDTH,NASDAQ
TDUP,NASDAQ
TEAM,NASDAQ
TECH,NASDAQ
TECTP,NASDAQ
TECX,NASDAQ
TELA,NASDAQ
TELO,NASDAQ
TEM,NASDAQ
TENB,NASDAQ
TENX,NASDAQ
TER,NASDAQ
TERN,NASDAQ
TFIN,NASDAQ
TFINP,NASDAQ
TFSL,NASDAQ
TGL,NASDAQ
TGTX,NASDAQ
TH,NASDAQ
THAR,NASDAQ
THCH,NASDAQ
THFF,NASDAQ
THRD,NASDAQ
THRM,NASDAQ
THRY,NASDAQ
THTX,NASDAQ
TIGO,NASDAQ
TIGR,NASDAQ
TIL,NASDAQ
TILE,NASDAQ
TIPT,NASDAQ
TIRX,NASDAQ
TITN,NASDAQ
TIVC,NASDAQ
TKLF,NASDAQ
TKNO,NASDAQ
TLF,NASDAQ
TLN,NASDAQ
TLPH,NASDAQ
TLRY,NASDAQ
TLS,NASDAQ
TLSA,NASDAQ
TLSI,NASDAQ
TLSIW,NASDAQ
TLX,NASDAQ
TMC,NASDAQ
TMCI,NASDAQ
TMCWW,NASDAQ
TMDX,NASDAQ
TMUS,NASDAQ
TNDM,NASDAQ
TNFA,NASDAQ
TNGX,NASDAQ
TNMG,NASDAQ
TNON,NASDAQ
TNONW,NASDAQ
TNXP,NASDAQ
TNYA,NASDAQ
TOI,NASDAQ
TOIIW,NASDAQ
TOMZ,NASDAQ
TOP,NASDAQ
TORO,NASDAQ
TOUR,NASDAQ
TOWN,NASDAQ
TOYO,NASDAQ
TPCS,NASDAQ
TPG,NASDAQ
TPGXL,NASDAQ
TPIC,NASDAQ
TPST,NASDAQ
TRAW,NASDAQ
TRDA,NASDAQ
TREE,NASDAQ
TRIB,NASDAQ
TRIN,NASDAQ
TRINI,NASDAQ
TRINZ,NASDAQ
TRIP,NASDAQ
TRMB,NASDAQ
TRMD,NASDAQ
TRMK,NASDAQ
TRML,NASDAQ
TRNR,NASDAQ
TRNS,NASDAQ
TROO,NASDAQ
TROW,NASDAQ
TRS,NASDAQ
TRSG,NASDAQ
TRST,NASDAQ
TRUE,NASDAQ
TRUG,NASDAQ
TRUP,NASDAQ
TRVG,NASDAQ
TRVI,NASDAQ
TSAT,NASDAQ
TSBK,NASDAQ
TSBX,NASDAQ
TSCO,NASDAQ
TSEM,NASDAQ
TSHA,NASDAQ
TSLA,NASDAQ
TSSI,NASDAQ
TSVT,NASDAQ
TTAN,NASDAQ
TTD,NASDAQ
TTEC,NASDAQ
TTEK,NASDAQ
TTGT,NASDAQ
TTMI,NASDAQ
TTNP,NASDAQ
TTSH,NASDAQ
TTWO,NASDAQ
TURB,NASDAQ
TURN,NASDAQ
TUSK,NASDAQ
TVGN,NASDAQ
TVGNW,NASDAQ
TVTX,NASDAQ
TW,NASDAQ
TWFG,NASDAQ
TWG,NASDAQ
TWIN,NASDAQ
TWNP,NASDAQ
TWST,NASDAQ
TXG,NASDAQ
TXMD,NASDAQ
TXN,NASDAQ
TXRH,NASDAQ
TYGO,NASDAQ
TYRA,NASDAQ
TZOO,NASDAQ
TZUP,NASDAQ
UAL,NASDAQ
UBCP,NASDAQ
UBFO,NASDAQ
UBSI,NASDAQ
UBX,NASDAQ
UBXG,NASDAQ
UCAR,NASDAQ
UCL,NASDAQ
UCTT,NASDAQ
UDMY,NASDAQ
UEIC,NASDAQ
UFCS,NASDAQ
UFG,NASDAQ
UFPI,NASDAQ
UFPT,NASDAQ
UG,NASDAQ
UGRO,NASDAQ
UHG,NASDAQ
UHGWW,NASDAQ
UK,NASDAQ
UKOMW,NASDAQ
ULBI,NASDAQ
ULCC,NASDAQ
ULH,NASDAQ
ULTA,NASDAQ
ULY,NASDAQ
UMBF,NASDAQ
UMBFP,NASDAQ
UNB,NASDAQ
UNCY,NASDAQ
UNIT,NASDAQ
UNTY,NASDAQ
UOKA,NASDAQ
UONE,NASDAQ
UONEK,NASDAQ
UPB,NASDAQ
UPBD,NASDAQ
UPC,NASDAQ
UPLD,NASDAQ
UPST,NASDAQ
UPWK,NASDAQ
UPXI,NASDAQ
URBN,NASDAQ
URGN,NASDAQ
UROY,NASDAQ
USAU,NASDAQ
USCB,NASDAQ
USEA,NASDAQ
USEG,NASDAQ
USGO,NASDAQ
USGOW,NASDAQ
USIO,NASDAQ
USLM,NASDAQ
UTHR,NASDAQ
UTMD,NASDAQ
UTSI,NASDAQ
UVSP,NASDAQ
UXIN,NASDAQ
VABK,NASDAQ
VACH,NASDAQ
VACHU,NASDAQ
VACHW,NASDAQ
VALN,NASDAQ
VALU,NASDAQ
VANI,NASDAQ
VBFC,NASDAQ
VBNK,NASDAQ
VBTX,NASDAQ
VC,NASDAQ
VCEL,NASDAQ
VCIC,NASDAQ
VCICU,NASDAQ
VCICW,NASDAQ
VCIG,NASDAQ
VCSA,NASDAQ
VCTR,NASDAQ
VCYT,NASDAQ
VECO,NASDAQ
VEEA,NASDAQ
VEEAW,NASDAQ
VEEE,NASDAQ
VEON,NASDAQ
VERA,NASDAQ
VERB,NASDAQ
VERI,NASDAQ
VERO,NASDAQ
VERU,NASDAQ
VERV,NASDAQ
VERX,NASDAQ
VFF,NASDAQ
VFS,NASDAQ
VFSWW,NASDAQ
VGAS,NASDAQ
VGASW,NASDAQ
VIASP,NASDAQ
VIAV,NASDAQ
VICR,NASDAQ
VIGL,NASDAQ
VINC,NASDAQ
VINP,NASDAQ
VIOT,NASDAQ
VIR,NASDAQ
VIRC,NASDAQ
VIRT,NASDAQ
VITL,NASDAQ
VIVK,NASDAQ
VKTX,NASDAQ
VLCN,NASDAQ
VLGEA,NASDAQ
VLY,NASDAQ
VLYPN,NASDAQ
VLYPO,NASDAQ
VLYPP,NASDAQ
VMAR,NASDAQ
VMCA,NASDAQ
VMCAU,NASDAQ
VMCAW,NASDAQ
VMD,NASDAQ
VMEO,NASDAQ
VNDA,NASDAQ
VNET,NASDAQ
VNOM,NASDAQ
VOD,NASDAQ
VOR,NASDAQ
VOXR,NASDAQ
VOXX,NASDAQ
VRA,NASDAQ
VRAR,NASDAQ
VRAX,NASDAQ
VRCA,NASDAQ
VRDN,NASDAQ
VREX,NASDAQ
VRM,NASDAQ
VRME,NASDAQ
VRMEW,NASDAQ
VRNA,NASDAQ
VRNS,NASDAQ
VRNT,NASDAQ
VRPX,NASDAQ
VRRM,NASDAQ
VRSK,NASDAQ
VRSN,NASDAQ
VRTX,NASDAQ
VS,NASDAQ
VSAT,NASDAQ
VSEC,NASDAQ
VSEE,NASDAQ
VSEEW,NASDAQ
VSME,NASDAQ
VSSYW,NASDAQ
VSTA,NASDAQ
VSTE,NASDAQ
VSTEW,NASDAQ
VSTM,NASDAQ
VTGN,NASDAQ
VTRS,NASDAQ
VTSI,NASDAQ
VTVT,NASDAQ
VTYX,NASDAQ
VUZI,NASDAQ
VVOS,NASDAQ
VVPR,NASDAQ
VXRT,NASDAQ
VYGR,NASDAQ
VYNE,NASDAQ
WABC,NASDAQ
WAFD,NASDAQ
WAFDP,NASDAQ
WAFU,NASDAQ
WAI,NASDAQ
WALD,NASDAQ
WASH,NASDAQ
WATT,NASDAQ
WAVE,NASDAQ
WAY,NASDAQ
WB,NASDAQ
WBA,NASDAQ
WBD,NASDAQ
WBTN,NASDAQ
WCT,NASDAQ
WDAY,NASDAQ
WDC,NASDAQ
WDCVV,NASDAQ
WDFC,NASDAQ
WEN,NASDAQ
WERN,NASDAQ
WEST,NASDAQ
WETH,NASDAQ
WEYS,NASDAQ
WFCF,NASDAQ
WFRD,NASDAQ
WGRX,NASDAQ
WGS,NASDAQ
WGSWW,NASDAQ
WHF,NASDAQ
WHFCL,NASDAQ
WHLR,NASDAQ
WHLRD,NASDAQ
WHLRP,NASDAQ
WILC,NASDAQ
WIMI,NASDAQ
WINA,NASDAQ
WING,NASDAQ
WINT,NASDAQ
WINV,NASDAQ
WINVR,NASDAQ
WIX,NASDAQ
WKEY,NASDAQ
WKHS,NASDAQ
WKSP,NASDAQ
WLAC,NASDAQ
WLACU,NASDAQ
WLACW,NASDAQ
WLDN,NASDAQ
WLDS,NASDAQ
WLDSW,NASDAQ
WLFC,NASDAQ
WLGS,NASDAQ
WMG,NASDAQ
WMPN,NASDAQ
WNEB,NASDAQ
WNW,NASDAQ
WOK,NASDAQ
WOOF,NASDAQ
WORX,NASDAQ
WPRT,NASDAQ
WRAP,NASDAQ
WRD,NASDAQ
WRLD,NASDAQ
WSBC,NASDAQ
WSBCP,NASDAQ
WSBF,NASDAQ
WSC,NASDAQ
WSFS,NASDAQ
WTBA,NASDAQ
WTFC,NASDAQ
WTFCM,NASDAQ
WTFCP,NASDAQ
WTO,NASDAQ
WTW,NASDAQ
WULF,NASDAQ
WVE,NASDAQ
WVVI,NASDAQ
WVVIP,NASDAQ
WW,NASDAQ
WWD,NASDAQ
WYHG,NASDAQ
WYNN,NASDAQ
XAIR,NASDAQ
XBIO,NASDAQ
XBIT,NASDAQ
XBP,NASDAQ
XBPEW,NASDAQ
XCH,NASDAQ
XCUR,NASDAQ
XEL,NASDAQ
XELB,NASDAQ
XENE,NASDAQ
XERS,NASDAQ
XFOR,NASDAQ
XGN,NASDAQ
XHG,NASDAQ
XHLD,NASDAQ
XLO,NASDAQ
XMTR,NASDAQ
XNCR,NASDAQ
XNET,NASDAQ
XOMA,NASDAQ
XOMAO,NASDAQ
XOMAP,NASDAQ
XOS,NASDAQ
XOSWW,NASDAQ
XP,NASDAQ
XPEL,NASDAQ
XPON,NASDAQ
XRAY,NASDAQ
XRTX,NASDAQ
XRX,NASDAQ
XTIA,NASDAQ
XTKG,NASDAQ
XTLB,NASDAQ
XWEL,NASDAQ
XXII,NASDAQ
XYLO,NASDAQ
YAAS,NASDAQ
YGMZ,NASDAQ
YHC,NASDAQ
YHGJ,NASDAQ
YHNA,NASDAQ
YHNAR,NASDAQ
YI,NASDAQ
YIBO,NASDAQ
YJ,NASDAQ
YMAB,NASDAQ
YORW,NASDAQ
YOSH,NASDAQ
YOTA,NASDAQ
YOTAR,NASDAQ
YOTAW,NASDAQ
YQ,NASDAQ
YSXT,NASDAQ
YTRA,NASDAQ
YXT,NASDAQ
YY,NASDAQ
YYAI,NASDAQ
YYGH,NASDAQ
Z,NASDAQ
ZAPP,NASDAQ
ZAPPW,NASDAQ
ZBAI,NASDAQ
ZBAO,NASDAQ
ZBIO,NASDAQ
ZBRA,NASDAQ
ZCAR,NASDAQ
ZCARW,NASDAQ
ZCMD,NASDAQ
ZD,NASDAQ
ZENA,NASDAQ
ZENV,NASDAQ
ZEO,NASDAQ
ZEOWW,NASDAQ
ZEUS,NASDAQ
ZG,NASDAQ
ZI,NASDAQ
ZIMV,NASDAQ
ZION,NASDAQ
ZIONP,NASDAQ
ZJK,NASDAQ
ZJYL,NASDAQ
ZKIN,NASDAQ
ZLAB,NASDAQ
ZM,NASDAQ
ZNTL,NASDAQ
ZOOZ,NASDAQ
ZOOZW,NASDAQ
ZS,NASDAQ
ZSPC,NASDAQ
ZTEK,NASDAQ
ZUMZ,NASDAQ
ZURA,NASDAQ
ZVRA,NASDAQ
ZVSA,NASDAQ
ZYBT,NASDAQ
ZYME,NASDAQ
ZYXI,NASDAQ
